2026-08-25 12:23:18.094 INFO  [background-preinit] [no-request] o.h.validator.internal.util.Version - HV000001: Hibernate Validator 8.0.1.Final
2026-08-25 12:23:18.231 INFO  [main] [no-request] o.e.springboot.SpringbootApplication - Starting SpringbootApplication using Java 17.0.10 with PID 21632 (D:\code\learn\travel\springboot\target\classes started by 华硕 in D:\code\learn\travel\springboot)
2026-08-25 12:23:18.234 INFO  [main] [no-request] o.e.springboot.SpringbootApplication - No active profile set, falling back to 1 default profile: "default"
2026-08-25 12:23:21.368 INFO  [main] [no-request] o.s.d.r.c.RepositoryConfigurationDelegate - Multiple Spring Data modules found, entering strict repository configuration mode
2026-08-25 12:23:21.376 INFO  [main] [no-request] o.s.d.r.c.RepositoryConfigurationDelegate - Bootstrapping Spring Data Redis repositories in DEFAULT mode.
2026-08-25 12:23:21.484 INFO  [main] [no-request] o.s.d.r.c.RepositoryConfigurationDelegate - Finished Spring Data repository scanning in 56 ms. Found 0 Redis repository interfaces.
2026-08-25 12:23:24.515 INFO  [main] [no-request] o.s.b.w.e.tomcat.TomcatWebServer - Tomcat initialized with port 3001 (http)
2026-08-25 12:23:24.540 INFO  [main] [no-request] o.a.coyote.http11.Http11NioProtocol - Initializing ProtocolHandler ["http-nio-3001"]
2026-08-25 12:23:24.548 INFO  [main] [no-request] o.a.catalina.core.StandardService - Starting service [Tomcat]
2026-08-25 12:23:24.550 INFO  [main] [no-request] o.a.catalina.core.StandardEngine - Starting Servlet engine: [Apache Tomcat/10.1.16]
2026-08-25 12:23:24.765 INFO  [main] [no-request] o.a.c.c.C.[Tomcat].[localhost].[/] - Initializing Spring embedded WebApplicationContext
2026-08-25 12:23:24.766 INFO  [main] [no-request] o.s.b.w.s.c.ServletWebServerApplicationContext - Root WebApplicationContext: initialization completed in 6401 ms
2026-08-25 12:23:27.518 INFO  [main] [no-request] com.zaxxer.hikari.HikariDataSource - HikariPool-1 - Starting...
2026-08-25 12:23:27.931 INFO  [main] [no-request] com.zaxxer.hikari.pool.HikariPool - HikariPool-1 - Added connection com.mysql.cj.jdbc.ConnectionImpl@eddc9bb
2026-08-25 12:23:27.933 INFO  [main] [no-request] com.zaxxer.hikari.HikariDataSource - HikariPool-1 - Start completed.
2026-08-25 12:23:33.768 INFO  [main] [no-request] o.e.s.service.PaymentConfigService - 注册支付策略: alipay - 支付宝
2026-08-25 12:23:34.951 INFO  [main] [no-request] o.e.s.service.TourOrderAlipayService - 注册支付策略: alipay - 支付宝
2026-08-25 12:23:38.768 INFO  [main] [no-request] o.s.s.web.DefaultSecurityFilterChain - Will secure any request with [org.springframework.security.web.session.DisableEncodeUrlFilter@57c7ec30, org.springframework.security.web.context.request.async.WebAsyncManagerIntegrationFilter@729de0e1, org.springframework.security.web.context.SecurityContextHolderFilter@218fc40d, org.springframework.security.web.header.HeaderWriterFilter@6d6ddeb5, org.springframework.web.filter.CorsFilter@7d5ef1c3, org.springframework.security.web.authentication.logout.LogoutFilter@753c7411, org.springframework.security.web.savedrequest.RequestCacheAwareFilter@26bbbe9e, org.springframework.security.web.servletapi.SecurityContextHolderAwareRequestFilter@2ebd6a0d, org.springframework.security.web.authentication.AnonymousAuthenticationFilter@2c8c42c, org.springframework.security.web.access.ExceptionTranslationFilter@4402ed61, org.springframework.security.web.access.intercept.AuthorizationFilter@38991781]
2026-08-25 12:23:40.568 INFO  [main] [no-request] o.a.coyote.http11.Http11NioProtocol - Starting ProtocolHandler ["http-nio-3001"]
2026-08-25 12:23:40.621 INFO  [main] [no-request] o.s.b.w.e.tomcat.TomcatWebServer - Tomcat started on port 3001 (http) with context path ''
2026-08-25 12:23:40.652 INFO  [main] [no-request] o.e.springboot.SpringbootApplication - Started SpringbootApplication in 24.067 seconds (process running for 25.536)
2026-08-25 12:23:40.729 INFO  [main] [no-request] o.e.s.config.SuperAdminBootstrap - SUPER_ADMIN account already exists. Bootstrap skipped. userId=1
2026-08-25 12:24:23.192 INFO  [http-nio-3001-exec-1] [no-request] o.a.c.c.C.[Tomcat].[localhost].[/] - Initializing Spring DispatcherServlet 'dispatcherServlet'
2026-08-25 12:24:23.194 INFO  [http-nio-3001-exec-1] [no-request] o.s.web.servlet.DispatcherServlet - Initializing Servlet 'dispatcherServlet'
2026-08-25 12:24:23.198 INFO  [http-nio-3001-exec-1] [no-request] o.s.web.servlet.DispatcherServlet - Completed initialization in 3 ms
2026-08-25 12:24:23.260 WARN  [http-nio-3001-exec-1] [7cc84e6589ca4d40ad8c5ac9d7972612] o.s.w.s.h.HandlerMappingIntrospector - Cache miss for REQUEST dispatch to '/api/site/tour-source/public' (previous null). Performing MatchableHandlerMapping lookup. This is logged once only at WARN level, and every time at TRACE.
2026-08-25 12:24:23.406 WARN  [http-nio-3001-exec-1] [7cc84e6589ca4d40ad8c5ac9d7972612] o.a.c.util.SessionIdGeneratorBase - Creation of SecureRandom instance for session ID generation using [SHA1PRNG] took [107] milliseconds.
2026-08-25 12:24:23.869 INFO  [http-nio-3001-exec-1] [7cc84e6589ca4d40ad8c5ac9d7972612] o.e.springboot.aspect.LogAspect - http_access method=GET path=/api/site/tour-source/public status=200 durationMs=426 ip=127.0.0.1 operation=TourProductSourceConfigController.publicConfig userAgent=Mozilla/5.0 (Windows NT 10.0; Microsoft Windows 10.0.22631; zh-CN) PowerShell/7.6.4
2026-08-25 12:24:24.583 INFO  [http-nio-3001-exec-2] [22a7f47051ab4efb85380653fad6059e] o.e.springboot.aspect.LogAspect - http_access method=GET path=/api/tour/page status=200 durationMs=301 ip=127.0.0.1 operation=TourController.getToursByPage userAgent=Mozilla/5.0 (Windows NT 10.0; Microsoft Windows 10.0.22631; zh-CN) PowerShell/7.6.4
2026-08-25 12:25:13.399 ERROR [http-nio-3001-exec-10] [eb2d2414105047b99d9f414b5fbfb371] o.e.springboot.util.JwtTokenUtils - 获取当前登录的token失败，tokennull
2026-08-25 12:25:13.642 ERROR [http-nio-3001-exec-10] [eb2d2414105047b99d9f414b5fbfb371] o.e.springboot.aspect.LogAspect - http_access method=POST path=/api/user/login status=500 durationMs=245 ip=127.0.0.1 operation=UserController.login userAgent=Mozilla/5.0 (Windows NT 10.0; Microsoft Windows 10.0.22631; zh-CN) PowerShell/7.6.4 error=ServiceException: 用户名或密码错误
org.example.springboot.exception.ServiceException: 用户名或密码错误
	at org.example.springboot.service.UserService.login(UserService.java:88)
	at java.base/jdk.internal.reflect.NativeMethodAccessorImpl.invoke0(Native Method)
	at java.base/jdk.internal.reflect.NativeMethodAccessorImpl.invoke(NativeMethodAccessorImpl.java:77)
	at java.base/jdk.internal.reflect.DelegatingMethodAccessorImpl.invoke(DelegatingMethodAccessorImpl.java:43)
	at java.base/java.lang.reflect.Method.invoke(Method.java:568)
	at org.springframework.aop.support.AopUtils.invokeJoinpointUsingReflection(AopUtils.java:352)
	at org.springframework.aop.framework.ReflectiveMethodInvocation.invokeJoinpoint(ReflectiveMethodInvocation.java:196)
	at org.springframework.aop.framework.ReflectiveMethodInvocation.proceed(ReflectiveMethodInvocation.java:163)
	at org.springframework.aop.framework.CglibAopProxy$CglibMethodInvocation.proceed(CglibAopProxy.java:765)
	at org.springframework.aop.interceptor.ExposeInvocationInterceptor.invoke(ExposeInvocationInterceptor.java:97)
	at org.springframework.aop.framework.ReflectiveMethodInvocation.proceed(ReflectiveMethodInvocation.java:184)
	at org.springframework.aop.framework.CglibAopProxy$CglibMethodInvocation.proceed(CglibAopProxy.java:765)
	at org.springframework.aop.framework.CglibAopProxy$DynamicAdvisedInterceptor.intercept(CglibAopProxy.java:717)
	at org.example.springboot.service.UserService$$SpringCGLIB$$0.login(<generated>)
	at org.example.springboot.controller.UserController.login(UserController.java:82)
	at java.base/jdk.internal.reflect.NativeMethodAccessorImpl.invoke0(Native Method)
	at java.base/jdk.internal.reflect.NativeMethodAccessorImpl.invoke(NativeMethodAccessorImpl.java:77)
	at java.base/jdk.internal.reflect.DelegatingMethodAccessorImpl.invoke(DelegatingMethodAccessorImpl.java:43)
	at java.base/java.lang.reflect.Method.invoke(Method.java:568)
	at org.springframework.aop.support.AopUtils.invokeJoinpointUsingReflection(AopUtils.java:352)
	at org.springframework.aop.framework.ReflectiveMethodInvocation.invokeJoinpoint(ReflectiveMethodInvocation.java:196)
	at org.springframework.aop.framework.ReflectiveMethodInvocation.proceed(ReflectiveMethodInvocation.java:163)
	at org.springframework.aop.framework.CglibAopProxy$CglibMethodInvocation.proceed(CglibAopProxy.java:765)
	at org.springframework.aop.aspectj.MethodInvocationProceedingJoinPoint.proceed(MethodInvocationProceedingJoinPoint.java:89)
	at org.example.springboot.aspect.OperationLogAspect.around(OperationLogAspect.java:63)
	at java.base/jdk.internal.reflect.NativeMethodAccessorImpl.invoke0(Native Method)
	at java.base/jdk.internal.reflect.NativeMethodAccessorImpl.invoke(NativeMethodAccessorImpl.java:77)
	at java.base/jdk.internal.reflect.DelegatingMethodAccessorImpl.invoke(DelegatingMethodAccessorImpl.java:43)
	at java.base/java.lang.reflect.Method.invoke(Method.java:568)
	at org.springframework.aop.aspectj.AbstractAspectJAdvice.invokeAdviceMethodWithGivenArgs(AbstractAspectJAdvice.java:637)
	at org.springframework.aop.aspectj.AbstractAspectJAdvice.invokeAdviceMethod(AbstractAspectJAdvice.java:627)
	at org.springframework.aop.aspectj.AspectJAroundAdvice.invoke(AspectJAroundAdvice.java:71)
	at org.springframework.aop.framework.ReflectiveMethodInvocation.proceed(ReflectiveMethodInvocation.java:184)
	at org.springframework.aop.framework.CglibAopProxy$CglibMethodInvocation.proceed(CglibAopProxy.java:765)
	at org.springframework.aop.aspectj.MethodInvocationProceedingJoinPoint.proceed(MethodInvocationProceedingJoinPoint.java:89)
	at org.example.springboot.aspect.LogAspect.around(LogAspect.java:39)
	at java.base/jdk.internal.reflect.NativeMethodAccessorImpl.invoke0(Native Method)
	at java.base/jdk.internal.reflect.NativeMethodAccessorImpl.invoke(NativeMethodAccessorImpl.java:77)
	at java.base/jdk.internal.reflect.DelegatingMethodAccessorImpl.invoke(DelegatingMethodAccessorImpl.java:43)
	at java.base/java.lang.reflect.Method.invoke(Method.java:568)
	at org.springframework.aop.aspectj.AbstractAspectJAdvice.invokeAdviceMethodWithGivenArgs(AbstractAspectJAdvice.java:637)
	at org.springframework.aop.aspectj.AbstractAspectJAdvice.invokeAdviceMethod(AbstractAspectJAdvice.java:627)
	at org.springframework.aop.aspectj.AspectJAroundAdvice.invoke(AspectJAroundAdvice.java:71)
	at org.springframework.aop.framework.ReflectiveMethodInvocation.proceed(ReflectiveMethodInvocation.java:184)
	at org.springframework.aop.framework.CglibAopProxy$CglibMethodInvocation.proceed(CglibAopProxy.java:765)
	at org.springframework.aop.interceptor.ExposeInvocationInterceptor.invoke(ExposeInvocationInterceptor.java:97)
	at org.springframework.aop.framework.ReflectiveMethodInvocation.proceed(ReflectiveMethodInvocation.java:184)
	at org.springframework.aop.framework.CglibAopProxy$CglibMethodInvocation.proceed(CglibAopProxy.java:765)
	at org.springframework.aop.framework.CglibAopProxy$DynamicAdvisedInterceptor.intercept(CglibAopProxy.java:717)
	at org.example.springboot.controller.UserController$$SpringCGLIB$$0.login(<generated>)
	at java.base/jdk.internal.reflect.NativeMethodAccessorImpl.invoke0(Native Method)
	at java.base/jdk.internal.reflect.NativeMethodAccessorImpl.invoke(NativeMethodAccessorImpl.java:77)
	at java.base/jdk.internal.reflect.DelegatingMethodAccessorImpl.invoke(DelegatingMethodAccessorImpl.java:43)
	at java.base/java.lang.reflect.Method.invoke(Method.java:568)
	at org.springframework.web.method.support.InvocableHandlerMethod.doInvoke(InvocableHandlerMethod.java:254)
	at org.springframework.web.method.support.InvocableHandlerMethod.invokeForRequest(InvocableHandlerMethod.java:182)
	at org.springframework.web.servlet.mvc.method.annotation.ServletInvocableHandlerMethod.invokeAndHandle(ServletInvocableHandlerMethod.java:118)
	at org.springframework.web.servlet.mvc.method.annotation.RequestMappingHandlerAdapter.invokeHandlerMethod(RequestMappingHandlerAdapter.java:917)
	at org.springframework.web.servlet.mvc.method.annotation.RequestMappingHandlerAdapter.handleInternal(RequestMappingHandlerAdapter.java:829)
	at org.springframework.web.servlet.mvc.method.AbstractHandlerMethodAdapter.handle(AbstractHandlerMethodAdapter.java:87)
	at org.springframework.web.servlet.DispatcherServlet.doDispatch(DispatcherServlet.java:1089)
	at org.springframework.web.servlet.DispatcherServlet.doService(DispatcherServlet.java:979)
	at org.springframework.web.servlet.FrameworkServlet.processRequest(FrameworkServlet.java:1014)
	at org.springframework.web.servlet.FrameworkServlet.doPost(FrameworkServlet.java:914)
	at jakarta.servlet.http.HttpServlet.service(HttpServlet.java:590)
	at org.springframework.web.servlet.FrameworkServlet.service(FrameworkServlet.java:885)
	at jakarta.servlet.http.HttpServlet.service(HttpServlet.java:658)
	at org.apache.catalina.core.ApplicationFilterChain.internalDoFilter(ApplicationFilterChain.java:205)
	at org.apache.catalina.core.ApplicationFilterChain.doFilter(ApplicationFilterChain.java:149)
	at org.apache.tomcat.websocket.server.WsFilter.doFilter(WsFilter.java:51)
	at org.apache.catalina.core.ApplicationFilterChain.internalDoFilter(ApplicationFilterChain.java:174)
	at org.apache.catalina.core.ApplicationFilterChain.doFilter(ApplicationFilterChain.java:149)
	at com.github.xiaoymin.knife4j.extend.filter.basic.JakartaServletSecurityBasicAuthFilter.doFilter(JakartaServletSecurityBasicAuthFilter.java:55)
	at org.apache.catalina.core.ApplicationFilterChain.internalDoFilter(ApplicationFilterChain.java:174)
	at org.apache.catalina.core.ApplicationFilterChain.doFilter(ApplicationFilterChain.java:149)
	at org.springframework.web.filter.OncePerRequestFilter.doFilter(OncePerRequestFilter.java:110)
	at org.apache.catalina.core.ApplicationFilterChain.internalDoFilter(ApplicationFilterChain.java:174)
	at org.apache.catalina.core.ApplicationFilterChain.doFilter(ApplicationFilterChain.java:149)
	at org.springframework.security.web.FilterChainProxy.lambda$doFilterInternal$3(FilterChainProxy.java:231)
	at org.springframework.security.web.FilterChainProxy$VirtualFilterChain.doFilter(FilterChainProxy.java:365)
	at org.springframework.security.web.access.intercept.AuthorizationFilter.doFilter(AuthorizationFilter.java:100)
	at org.springframework.security.web.FilterChainProxy$VirtualFilterChain.doFilter(FilterChainProxy.java:374)
	at org.springframework.security.web.access.ExceptionTranslationFilter.doFilter(ExceptionTranslationFilter.java:126)
	at org.springframework.security.web.access.ExceptionTranslationFilter.doFilter(ExceptionTranslationFilter.java:120)
	at org.springframework.security.web.FilterChainProxy$VirtualFilterChain.doFilter(FilterChainProxy.java:374)
	at org.springframework.security.web.authentication.AnonymousAuthenticationFilter.doFilter(AnonymousAuthenticationFilter.java:100)
	at org.springframework.security.web.FilterChainProxy$VirtualFilterChain.doFilter(FilterChainProxy.java:374)
	at org.springframework.security.web.servletapi.SecurityContextHolderAwareRequestFilter.doFilter(SecurityContextHolderAwareRequestFilter.java:179)
	at org.springframework.security.web.FilterChainProxy$VirtualFilterChain.doFilter(FilterChainProxy.java:374)
	at org.springframework.security.web.savedrequest.RequestCacheAwareFilter.doFilter(RequestCacheAwareFilter.java:63)
	at org.springframework.security.web.FilterChainProxy$VirtualFilterChain.doFilter(FilterChainProxy.java:374)
	at org.springframework.security.web.authentication.logout.LogoutFilter.doFilter(LogoutFilter.java:107)
	at org.springframework.security.web.authentication.logout.LogoutFilter.doFilter(LogoutFilter.java:93)
	at org.springframework.security.web.FilterChainProxy$VirtualFilterChain.doFilter(FilterChainProxy.java:374)
	at org.springframework.web.filter.CorsFilter.doFilterInternal(CorsFilter.java:91)
	at org.springframework.web.filter.OncePerRequestFilter.doFilter(OncePerRequestFilter.java:116)
	at org.springframework.security.web.FilterChainProxy$VirtualFilterChain.doFilter(FilterChainProxy.java:374)
	at org.springframework.security.web.header.HeaderWriterFilter.doHeadersAfter(HeaderWriterFilter.java:90)
	at org.springframework.security.web.header.HeaderWriterFilter.doFilterInternal(HeaderWriterFilter.java:75)
	at org.springframework.web.filter.OncePerRequestFilter.doFilter(OncePerRequestFilter.java:116)
	at org.springframework.security.web.FilterChainProxy$VirtualFilterChain.doFilter(FilterChainProxy.java:374)
	at org.springframework.security.web.context.SecurityContextHolderFilter.doFilter(SecurityContextHolderFilter.java:82)
	at org.springframework.security.web.context.SecurityContextHolderFilter.doFilter(SecurityContextHolderFilter.java:69)
	at org.springframework.security.web.FilterChainProxy$VirtualFilterChain.doFilter(FilterChainProxy.java:374)
	at org.springframework.security.web.context.request.async.WebAsyncManagerIntegrationFilter.doFilterInternal(WebAsyncManagerIntegrationFilter.java:62)
	at org.springframework.web.filter.OncePerRequestFilter.doFilter(OncePerRequestFilter.java:116)
	at org.springframework.security.web.FilterChainProxy$VirtualFilterChain.doFilter(FilterChainProxy.java:374)
	at org.springframework.security.web.session.DisableEncodeUrlFilter.doFilterInternal(DisableEncodeUrlFilter.java:42)
	at org.springframework.web.filter.OncePerRequestFilter.doFilter(OncePerRequestFilter.java:116)
	at org.springframework.security.web.FilterChainProxy$VirtualFilterChain.doFilter(FilterChainProxy.java:374)
	at org.springframework.security.web.FilterChainProxy.doFilterInternal(FilterChainProxy.java:233)
	at org.springframework.security.web.FilterChainProxy.doFilter(FilterChainProxy.java:191)
	at org.springframework.web.filter.DelegatingFilterProxy.invokeDelegate(DelegatingFilterProxy.java:352)
	at org.springframework.web.filter.DelegatingFilterProxy.doFilter(DelegatingFilterProxy.java:268)
	at org.apache.catalina.core.ApplicationFilterChain.internalDoFilter(ApplicationFilterChain.java:174)
	at org.apache.catalina.core.ApplicationFilterChain.doFilter(ApplicationFilterChain.java:149)
	at org.springframework.web.filter.RequestContextFilter.doFilterInternal(RequestContextFilter.java:100)
	at org.springframework.web.filter.OncePerRequestFilter.doFilter(OncePerRequestFilter.java:116)
	at org.apache.catalina.core.ApplicationFilterChain.internalDoFilter(ApplicationFilterChain.java:174)
	at org.apache.catalina.core.ApplicationFilterChain.doFilter(ApplicationFilterChain.java:149)
	at org.springframework.web.filter.FormContentFilter.doFilterInternal(FormContentFilter.java:93)
	at org.springframework.web.filter.OncePerRequestFilter.doFilter(OncePerRequestFilter.java:116)
	at org.apache.catalina.core.ApplicationFilterChain.internalDoFilter(ApplicationFilterChain.java:174)
	at org.apache.catalina.core.ApplicationFilterChain.doFilter(ApplicationFilterChain.java:149)
	at org.example.springboot.security.XssFilter.doFilterInternal(XssFilter.java:31)
	at org.springframework.web.filter.OncePerRequestFilter.doFilter(OncePerRequestFilter.java:116)
	at org.apache.catalina.core.ApplicationFilterChain.internalDoFilter(ApplicationFilterChain.java:174)
	at org.apache.catalina.core.ApplicationFilterChain.doFilter(ApplicationFilterChain.java:149)
	at org.example.springboot.security.SqlInjectionFilter.doFilterInternal(SqlInjectionFilter.java:45)
	at org.springframework.web.filter.OncePerRequestFilter.doFilter(OncePerRequestFilter.java:116)
	at org.apache.catalina.core.ApplicationFilterChain.internalDoFilter(ApplicationFilterChain.java:174)
	at org.apache.catalina.core.ApplicationFilterChain.doFilter(ApplicationFilterChain.java:149)
	at org.example.springboot.security.CsrfOriginFilter.doFilterInternal(CsrfOriginFilter.java:37)
	at org.springframework.web.filter.OncePerRequestFilter.doFilter(OncePerRequestFilter.java:116)
	at org.apache.catalina.core.ApplicationFilterChain.internalDoFilter(ApplicationFilterChain.java:174)
	at org.apache.catalina.core.ApplicationFilterChain.doFilter(ApplicationFilterChain.java:149)
	at org.example.springboot.security.RateLimitFilter.doFilterInternal(RateLimitFilter.java:53)
	at org.springframework.web.filter.OncePerRequestFilter.doFilter(OncePerRequestFilter.java:116)
	at org.apache.catalina.core.ApplicationFilterChain.internalDoFilter(ApplicationFilterChain.java:174)
	at org.apache.catalina.core.ApplicationFilterChain.doFilter(ApplicationFilterChain.java:149)
	at org.springframework.web.filter.CharacterEncodingFilter.doFilterInternal(CharacterEncodingFilter.java:201)
	at org.springframework.web.filter.OncePerRequestFilter.doFilter(OncePerRequestFilter.java:116)
	at org.apache.catalina.core.ApplicationFilterChain.internalDoFilter(ApplicationFilterChain.java:174)
	at org.apache.catalina.core.ApplicationFilterChain.doFilter(ApplicationFilterChain.java:149)
	at org.example.springboot.filter.RequestTraceFilter.doFilterInternal(RequestTraceFilter.java:35)
	at org.springframework.web.filter.OncePerRequestFilter.doFilter(OncePerRequestFilter.java:116)
	at org.apache.catalina.core.ApplicationFilterChain.internalDoFilter(ApplicationFilterChain.java:174)
	at org.apache.catalina.core.ApplicationFilterChain.doFilter(ApplicationFilterChain.java:149)
	at org.apache.catalina.core.StandardWrapperValve.invoke(StandardWrapperValve.java:167)
	at org.apache.catalina.core.StandardContextValve.invoke(StandardContextValve.java:90)
	at org.apache.catalina.authenticator.AuthenticatorBase.invoke(AuthenticatorBase.java:482)
	at org.apache.catalina.core.StandardHostValve.invoke(StandardHostValve.java:115)
	at org.apache.catalina.valves.ErrorReportValve.invoke(ErrorReportValve.java:93)
	at org.apache.catalina.core.StandardEngineValve.invoke(StandardEngineValve.java:74)
	at org.apache.catalina.connector.CoyoteAdapter.service(CoyoteAdapter.java:340)
	at org.apache.coyote.http11.Http11Processor.service(Http11Processor.java:391)
	at org.apache.coyote.AbstractProcessorLight.process(AbstractProcessorLight.java:63)
	at org.apache.coyote.AbstractProtocol$ConnectionHandler.process(AbstractProtocol.java:896)
	at org.apache.tomcat.util.net.NioEndpoint$SocketProcessor.doRun(NioEndpoint.java:1744)
	at org.apache.tomcat.util.net.SocketProcessorBase.run(SocketProcessorBase.java:52)
	at org.apache.tomcat.util.threads.ThreadPoolExecutor.runWorker(ThreadPoolExecutor.java:1191)
	at org.apache.tomcat.util.threads.ThreadPoolExecutor$Worker.run(ThreadPoolExecutor.java:659)
	at org.apache.tomcat.util.threads.TaskThread$WrappingRunnable.run(TaskThread.java:61)
	at java.base/java.lang.Thread.run(Thread.java:840)
2026-08-25 12:25:13.698 ERROR [http-nio-3001-exec-10] [eb2d2414105047b99d9f414b5fbfb371] o.e.s.e.GlobalExceptionHandler - 用户名或密码错误
org.example.springboot.exception.ServiceException: 用户名或密码错误
	at org.example.springboot.service.UserService.login(UserService.java:88)
	at java.base/jdk.internal.reflect.NativeMethodAccessorImpl.invoke0(Native Method)
	at java.base/jdk.internal.reflect.NativeMethodAccessorImpl.invoke(NativeMethodAccessorImpl.java:77)
	at java.base/jdk.internal.reflect.DelegatingMethodAccessorImpl.invoke(DelegatingMethodAccessorImpl.java:43)
	at java.base/java.lang.reflect.Method.invoke(Method.java:568)
	at org.springframework.aop.support.AopUtils.invokeJoinpointUsingReflection(AopUtils.java:352)
	at org.springframework.aop.framework.ReflectiveMethodInvocation.invokeJoinpoint(ReflectiveMethodInvocation.java:196)
	at org.springframework.aop.framework.ReflectiveMethodInvocation.proceed(ReflectiveMethodInvocation.java:163)
	at org.springframework.aop.framework.CglibAopProxy$CglibMethodInvocation.proceed(CglibAopProxy.java:765)
	at org.springframework.aop.interceptor.ExposeInvocationInterceptor.invoke(ExposeInvocationInterceptor.java:97)
	at org.springframework.aop.framework.ReflectiveMethodInvocation.proceed(ReflectiveMethodInvocation.java:184)
	at org.springframework.aop.framework.CglibAopProxy$CglibMethodInvocation.proceed(CglibAopProxy.java:765)
	at org.springframework.aop.framework.CglibAopProxy$DynamicAdvisedInterceptor.intercept(CglibAopProxy.java:717)
	at org.example.springboot.service.UserService$$SpringCGLIB$$0.login(<generated>)
	at org.example.springboot.controller.UserController.login(UserController.java:82)
	at java.base/jdk.internal.reflect.NativeMethodAccessorImpl.invoke0(Native Method)
	at java.base/jdk.internal.reflect.NativeMethodAccessorImpl.invoke(NativeMethodAccessorImpl.java:77)
	at java.base/jdk.internal.reflect.DelegatingMethodAccessorImpl.invoke(DelegatingMethodAccessorImpl.java:43)
	at java.base/java.lang.reflect.Method.invoke(Method.java:568)
	at org.springframework.aop.support.AopUtils.invokeJoinpointUsingReflection(AopUtils.java:352)
	at org.springframework.aop.framework.ReflectiveMethodInvocation.invokeJoinpoint(ReflectiveMethodInvocation.java:196)
	at org.springframework.aop.framework.ReflectiveMethodInvocation.proceed(ReflectiveMethodInvocation.java:163)
	at org.springframework.aop.framework.CglibAopProxy$CglibMethodInvocation.proceed(CglibAopProxy.java:765)
	at org.springframework.aop.aspectj.MethodInvocationProceedingJoinPoint.proceed(MethodInvocationProceedingJoinPoint.java:89)
	at org.example.springboot.aspect.OperationLogAspect.around(OperationLogAspect.java:63)
	at java.base/jdk.internal.reflect.NativeMethodAccessorImpl.invoke0(Native Method)
	at java.base/jdk.internal.reflect.NativeMethodAccessorImpl.invoke(NativeMethodAccessorImpl.java:77)
	at java.base/jdk.internal.reflect.DelegatingMethodAccessorImpl.invoke(DelegatingMethodAccessorImpl.java:43)
	at java.base/java.lang.reflect.Method.invoke(Method.java:568)
	at org.springframework.aop.aspectj.AbstractAspectJAdvice.invokeAdviceMethodWithGivenArgs(AbstractAspectJAdvice.java:637)
	at org.springframework.aop.aspectj.AbstractAspectJAdvice.invokeAdviceMethod(AbstractAspectJAdvice.java:627)
	at org.springframework.aop.aspectj.AspectJAroundAdvice.invoke(AspectJAroundAdvice.java:71)
	at org.springframework.aop.framework.ReflectiveMethodInvocation.proceed(ReflectiveMethodInvocation.java:184)
	at org.springframework.aop.framework.CglibAopProxy$CglibMethodInvocation.proceed(CglibAopProxy.java:765)
	at org.springframework.aop.aspectj.MethodInvocationProceedingJoinPoint.proceed(MethodInvocationProceedingJoinPoint.java:89)
	at org.example.springboot.aspect.LogAspect.around(LogAspect.java:39)
	at java.base/jdk.internal.reflect.NativeMethodAccessorImpl.invoke0(Native Method)
	at java.base/jdk.internal.reflect.NativeMethodAccessorImpl.invoke(NativeMethodAccessorImpl.java:77)
	at java.base/jdk.internal.reflect.DelegatingMethodAccessorImpl.invoke(DelegatingMethodAccessorImpl.java:43)
	at java.base/java.lang.reflect.Method.invoke(Method.java:568)
	at org.springframework.aop.aspectj.AbstractAspectJAdvice.invokeAdviceMethodWithGivenArgs(AbstractAspectJAdvice.java:637)
	at org.springframework.aop.aspectj.AbstractAspectJAdvice.invokeAdviceMethod(AbstractAspectJAdvice.java:627)
	at org.springframework.aop.aspectj.AspectJAroundAdvice.invoke(AspectJAroundAdvice.java:71)
	at org.springframework.aop.framework.ReflectiveMethodInvocation.proceed(ReflectiveMethodInvocation.java:184)
	at org.springframework.aop.framework.CglibAopProxy$CglibMethodInvocation.proceed(CglibAopProxy.java:765)
	at org.springframework.aop.interceptor.ExposeInvocationInterceptor.invoke(ExposeInvocationInterceptor.java:97)
	at org.springframework.aop.framework.ReflectiveMethodInvocation.proceed(ReflectiveMethodInvocation.java:184)
	at org.springframework.aop.framework.CglibAopProxy$CglibMethodInvocation.proceed(CglibAopProxy.java:765)
	at org.springframework.aop.framework.CglibAopProxy$DynamicAdvisedInterceptor.intercept(CglibAopProxy.java:717)
	at org.example.springboot.controller.UserController$$SpringCGLIB$$0.login(<generated>)
	at java.base/jdk.internal.reflect.NativeMethodAccessorImpl.invoke0(Native Method)
	at java.base/jdk.internal.reflect.NativeMethodAccessorImpl.invoke(NativeMethodAccessorImpl.java:77)
	at java.base/jdk.internal.reflect.DelegatingMethodAccessorImpl.invoke(DelegatingMethodAccessorImpl.java:43)
	at java.base/java.lang.reflect.Method.invoke(Method.java:568)
	at org.springframework.web.method.support.InvocableHandlerMethod.doInvoke(InvocableHandlerMethod.java:254)
	at org.springframework.web.method.support.InvocableHandlerMethod.invokeForRequest(InvocableHandlerMethod.java:182)
	at org.springframework.web.servlet.mvc.method.annotation.ServletInvocableHandlerMethod.invokeAndHandle(ServletInvocableHandlerMethod.java:118)
	at org.springframework.web.servlet.mvc.method.annotation.RequestMappingHandlerAdapter.invokeHandlerMethod(RequestMappingHandlerAdapter.java:917)
	at org.springframework.web.servlet.mvc.method.annotation.RequestMappingHandlerAdapter.handleInternal(RequestMappingHandlerAdapter.java:829)
	at org.springframework.web.servlet.mvc.method.AbstractHandlerMethodAdapter.handle(AbstractHandlerMethodAdapter.java:87)
	at org.springframework.web.servlet.DispatcherServlet.doDispatch(DispatcherServlet.java:1089)
	at org.springframework.web.servlet.DispatcherServlet.doService(DispatcherServlet.java:979)
	at org.springframework.web.servlet.FrameworkServlet.processRequest(FrameworkServlet.java:1014)
	at org.springframework.web.servlet.FrameworkServlet.doPost(FrameworkServlet.java:914)
	at jakarta.servlet.http.HttpServlet.service(HttpServlet.java:590)
	at org.springframework.web.servlet.FrameworkServlet.service(FrameworkServlet.java:885)
	at jakarta.servlet.http.HttpServlet.service(HttpServlet.java:658)
	at org.apache.catalina.core.ApplicationFilterChain.internalDoFilter(ApplicationFilterChain.java:205)
	at org.apache.catalina.core.ApplicationFilterChain.doFilter(ApplicationFilterChain.java:149)
	at org.apache.tomcat.websocket.server.WsFilter.doFilter(WsFilter.java:51)
	at org.apache.catalina.core.ApplicationFilterChain.internalDoFilter(ApplicationFilterChain.java:174)
	at org.apache.catalina.core.ApplicationFilterChain.doFilter(ApplicationFilterChain.java:149)
	at com.github.xiaoymin.knife4j.extend.filter.basic.JakartaServletSecurityBasicAuthFilter.doFilter(JakartaServletSecurityBasicAuthFilter.java:55)
	at org.apache.catalina.core.ApplicationFilterChain.internalDoFilter(ApplicationFilterChain.java:174)
	at org.apache.catalina.core.ApplicationFilterChain.doFilter(ApplicationFilterChain.java:149)
	at org.springframework.web.filter.OncePerRequestFilter.doFilter(OncePerRequestFilter.java:110)
	at org.apache.catalina.core.ApplicationFilterChain.internalDoFilter(ApplicationFilterChain.java:174)
	at org.apache.catalina.core.ApplicationFilterChain.doFilter(ApplicationFilterChain.java:149)
	at org.springframework.security.web.FilterChainProxy.lambda$doFilterInternal$3(FilterChainProxy.java:231)
	at org.springframework.security.web.FilterChainProxy$VirtualFilterChain.doFilter(FilterChainProxy.java:365)
	at org.springframework.security.web.access.intercept.AuthorizationFilter.doFilter(AuthorizationFilter.java:100)
	at org.springframework.security.web.FilterChainProxy$VirtualFilterChain.doFilter(FilterChainProxy.java:374)
	at org.springframework.security.web.access.ExceptionTranslationFilter.doFilter(ExceptionTranslationFilter.java:126)
	at org.springframework.security.web.access.ExceptionTranslationFilter.doFilter(ExceptionTranslationFilter.java:120)
	at org.springframework.security.web.FilterChainProxy$VirtualFilterChain.doFilter(FilterChainProxy.java:374)
	at org.springframework.security.web.authentication.AnonymousAuthenticationFilter.doFilter(AnonymousAuthenticationFilter.java:100)
	at org.springframework.security.web.FilterChainProxy$VirtualFilterChain.doFilter(FilterChainProxy.java:374)
	at org.springframework.security.web.servletapi.SecurityContextHolderAwareRequestFilter.doFilter(SecurityContextHolderAwareRequestFilter.java:179)
	at org.springframework.security.web.FilterChainProxy$VirtualFilterChain.doFilter(FilterChainProxy.java:374)
	at org.springframework.security.web.savedrequest.RequestCacheAwareFilter.doFilter(RequestCacheAwareFilter.java:63)
	at org.springframework.security.web.FilterChainProxy$VirtualFilterChain.doFilter(FilterChainProxy.java:374)
	at org.springframework.security.web.authentication.logout.LogoutFilter.doFilter(LogoutFilter.java:107)
	at org.springframework.security.web.authentication.logout.LogoutFilter.doFilter(LogoutFilter.java:93)
	at org.springframework.security.web.FilterChainProxy$VirtualFilterChain.doFilter(FilterChainProxy.java:374)
	at org.springframework.web.filter.CorsFilter.doFilterInternal(CorsFilter.java:91)
	at org.springframework.web.filter.OncePerRequestFilter.doFilter(OncePerRequestFilter.java:116)
	at org.springframework.security.web.FilterChainProxy$VirtualFilterChain.doFilter(FilterChainProxy.java:374)
	at org.springframework.security.web.header.HeaderWriterFilter.doHeadersAfter(HeaderWriterFilter.java:90)
	at org.springframework.security.web.header.HeaderWriterFilter.doFilterInternal(HeaderWriterFilter.java:75)
	at org.springframework.web.filter.OncePerRequestFilter.doFilter(OncePerRequestFilter.java:116)
	at org.springframework.security.web.FilterChainProxy$VirtualFilterChain.doFilter(FilterChainProxy.java:374)
	at org.springframework.security.web.context.SecurityContextHolderFilter.doFilter(SecurityContextHolderFilter.java:82)
	at org.springframework.security.web.context.SecurityContextHolderFilter.doFilter(SecurityContextHolderFilter.java:69)
	at org.springframework.security.web.FilterChainProxy$VirtualFilterChain.doFilter(FilterChainProxy.java:374)
	at org.springframework.security.web.context.request.async.WebAsyncManagerIntegrationFilter.doFilterInternal(WebAsyncManagerIntegrationFilter.java:62)
	at org.springframework.web.filter.OncePerRequestFilter.doFilter(OncePerRequestFilter.java:116)
	at org.springframework.security.web.FilterChainProxy$VirtualFilterChain.doFilter(FilterChainProxy.java:374)
	at org.springframework.security.web.session.DisableEncodeUrlFilter.doFilterInternal(DisableEncodeUrlFilter.java:42)
	at org.springframework.web.filter.OncePerRequestFilter.doFilter(OncePerRequestFilter.java:116)
	at org.springframework.security.web.FilterChainProxy$VirtualFilterChain.doFilter(FilterChainProxy.java:374)
	at org.springframework.security.web.FilterChainProxy.doFilterInternal(FilterChainProxy.java:233)
	at org.springframework.security.web.FilterChainProxy.doFilter(FilterChainProxy.java:191)
	at org.springframework.web.filter.DelegatingFilterProxy.invokeDelegate(DelegatingFilterProxy.java:352)
	at org.springframework.web.filter.DelegatingFilterProxy.doFilter(DelegatingFilterProxy.java:268)
	at org.apache.catalina.core.ApplicationFilterChain.internalDoFilter(ApplicationFilterChain.java:174)
	at org.apache.catalina.core.ApplicationFilterChain.doFilter(ApplicationFilterChain.java:149)
	at org.springframework.web.filter.RequestContextFilter.doFilterInternal(RequestContextFilter.java:100)
	at org.springframework.web.filter.OncePerRequestFilter.doFilter(OncePerRequestFilter.java:116)
	at org.apache.catalina.core.ApplicationFilterChain.internalDoFilter(ApplicationFilterChain.java:174)
	at org.apache.catalina.core.ApplicationFilterChain.doFilter(ApplicationFilterChain.java:149)
	at org.springframework.web.filter.FormContentFilter.doFilterInternal(FormContentFilter.java:93)
	at org.springframework.web.filter.OncePerRequestFilter.doFilter(OncePerRequestFilter.java:116)
	at org.apache.catalina.core.ApplicationFilterChain.internalDoFilter(ApplicationFilterChain.java:174)
	at org.apache.catalina.core.ApplicationFilterChain.doFilter(ApplicationFilterChain.java:149)
	at org.example.springboot.security.XssFilter.doFilterInternal(XssFilter.java:31)
	at org.springframework.web.filter.OncePerRequestFilter.doFilter(OncePerRequestFilter.java:116)
	at org.apache.catalina.core.ApplicationFilterChain.internalDoFilter(ApplicationFilterChain.java:174)
	at org.apache.catalina.core.ApplicationFilterChain.doFilter(ApplicationFilterChain.java:149)
	at org.example.springboot.security.SqlInjectionFilter.doFilterInternal(SqlInjectionFilter.java:45)
	at org.springframework.web.filter.OncePerRequestFilter.doFilter(OncePerRequestFilter.java:116)
	at org.apache.catalina.core.ApplicationFilterChain.internalDoFilter(ApplicationFilterChain.java:174)
	at org.apache.catalina.core.ApplicationFilterChain.doFilter(ApplicationFilterChain.java:149)
	at org.example.springboot.security.CsrfOriginFilter.doFilterInternal(CsrfOriginFilter.java:37)
	at org.springframework.web.filter.OncePerRequestFilter.doFilter(OncePerRequestFilter.java:116)
	at org.apache.catalina.core.ApplicationFilterChain.internalDoFilter(ApplicationFilterChain.java:174)
	at org.apache.catalina.core.ApplicationFilterChain.doFilter(ApplicationFilterChain.java:149)
	at org.example.springboot.security.RateLimitFilter.doFilterInternal(RateLimitFilter.java:53)
	at org.springframework.web.filter.OncePerRequestFilter.doFilter(OncePerRequestFilter.java:116)
	at org.apache.catalina.core.ApplicationFilterChain.internalDoFilter(ApplicationFilterChain.java:174)
	at org.apache.catalina.core.ApplicationFilterChain.doFilter(ApplicationFilterChain.java:149)
	at org.springframework.web.filter.CharacterEncodingFilter.doFilterInternal(CharacterEncodingFilter.java:201)
	at org.springframework.web.filter.OncePerRequestFilter.doFilter(OncePerRequestFilter.java:116)
	at org.apache.catalina.core.ApplicationFilterChain.internalDoFilter(ApplicationFilterChain.java:174)
	at org.apache.catalina.core.ApplicationFilterChain.doFilter(ApplicationFilterChain.java:149)
	at org.example.springboot.filter.RequestTraceFilter.doFilterInternal(RequestTraceFilter.java:35)
	at org.springframework.web.filter.OncePerRequestFilter.doFilter(OncePerRequestFilter.java:116)
	at org.apache.catalina.core.ApplicationFilterChain.internalDoFilter(ApplicationFilterChain.java:174)
	at org.apache.catalina.core.ApplicationFilterChain.doFilter(ApplicationFilterChain.java:149)
	at org.apache.catalina.core.StandardWrapperValve.invoke(StandardWrapperValve.java:167)
	at org.apache.catalina.core.StandardContextValve.invoke(StandardContextValve.java:90)
	at org.apache.catalina.authenticator.AuthenticatorBase.invoke(AuthenticatorBase.java:482)
	at org.apache.catalina.core.StandardHostValve.invoke(StandardHostValve.java:115)
	at org.apache.catalina.valves.ErrorReportValve.invoke(ErrorReportValve.java:93)
	at org.apache.catalina.core.StandardEngineValve.invoke(StandardEngineValve.java:74)
	at org.apache.catalina.connector.CoyoteAdapter.service(CoyoteAdapter.java:340)
	at org.apache.coyote.http11.Http11Processor.service(Http11Processor.java:391)
	at org.apache.coyote.AbstractProcessorLight.process(AbstractProcessorLight.java:63)
	at org.apache.coyote.AbstractProtocol$ConnectionHandler.process(AbstractProtocol.java:896)
	at org.apache.tomcat.util.net.NioEndpoint$SocketProcessor.doRun(NioEndpoint.java:1744)
	at org.apache.tomcat.util.net.SocketProcessorBase.run(SocketProcessorBase.java:52)
	at org.apache.tomcat.util.threads.ThreadPoolExecutor.runWorker(ThreadPoolExecutor.java:1191)
	at org.apache.tomcat.util.threads.ThreadPoolExecutor$Worker.run(ThreadPoolExecutor.java:659)
	at org.apache.tomcat.util.threads.TaskThread$WrappingRunnable.run(TaskThread.java:61)
	at java.base/java.lang.Thread.run(Thread.java:840)
2026-08-25 12:41:00.198 INFO  [http-nio-3001-exec-7] [1cfea40277884ff0b7b31da618c38ba7] o.e.springboot.aspect.LogAspect - http_access method=GET path=/api/tour/hot-keywords status=200 durationMs=40 ip=127.0.0.1 operation=TourController.getHotKeywords userAgent=Mozilla/5.0 (Windows NT 10.0; Win64; x64) AppleWebKit/537.36 (KHTML, like Gecko) Chrome/151.0.0.0 Safari/537.36
2026-08-25 12:41:00.890 INFO  [http-nio-3001-exec-1] [3ac5988aed2b487993ab225023e85a1c] o.e.springboot.aspect.LogAspect - http_access method=GET path=/api/tour/filters status=200 durationMs=559 ip=127.0.0.1 operation=TourController.getTourFilters userAgent=Mozilla/5.0 (Windows NT 10.0; Win64; x64) AppleWebKit/537.36 (KHTML, like Gecko) Chrome/151.0.0.0 Safari/537.36
2026-08-25 12:41:01.087 INFO  [http-nio-3001-exec-2] [2a9a3dc190524ef59d2fe1761a7354a6] o.e.springboot.aspect.LogAspect - http_access method=GET path=/api/tour/page status=200 durationMs=136 ip=127.0.0.1 operation=TourController.getToursByPage userAgent=Mozilla/5.0 (Windows NT 10.0; Win64; x64) AppleWebKit/537.36 (KHTML, like Gecko) Chrome/151.0.0.0 Safari/537.36
2026-08-25 12:41:01.462 INFO  [http-nio-3001-exec-3] [e149d523444846c28211ba0bb57946e2] o.e.springboot.aspect.LogAspect - http_access method=GET path=/api/tour/filters status=200 durationMs=512 ip=127.0.0.1 operation=TourController.getTourFilters userAgent=Mozilla/5.0 (Windows NT 10.0; Win64; x64) AppleWebKit/537.36 (KHTML, like Gecko) Chrome/151.0.0.0 Safari/537.36
2026-08-25 12:41:39.100 INFO  [http-nio-3001-exec-4] [7bdf3c305da24267ba87f58b922c6216] o.e.springboot.aspect.LogAspect - http_access method=GET path=/api/tour/hot-keywords status=200 durationMs=9 ip=127.0.0.1 operation=TourController.getHotKeywords userAgent=Mozilla/5.0 (Windows NT 10.0; Win64; x64) AppleWebKit/537.36 (KHTML, like Gecko) Chrome/151.0.0.0 Safari/537.36
2026-08-25 12:41:39.613 INFO  [http-nio-3001-exec-5] [82ce273c86ae4b7297c9e32807066654] o.e.springboot.aspect.LogAspect - http_access method=GET path=/api/tour/filters status=200 durationMs=344 ip=127.0.0.1 operation=TourController.getTourFilters userAgent=Mozilla/5.0 (Windows NT 10.0; Win64; x64) AppleWebKit/537.36 (KHTML, like Gecko) Chrome/151.0.0.0 Safari/537.36
2026-08-25 12:41:39.727 INFO  [http-nio-3001-exec-10] [3e653ca9b1c742d09b808902deb3b8af] o.e.springboot.aspect.LogAspect - http_access method=GET path=/api/tour/page status=200 durationMs=64 ip=127.0.0.1 operation=TourController.getToursByPage userAgent=Mozilla/5.0 (Windows NT 10.0; Win64; x64) AppleWebKit/537.36 (KHTML, like Gecko) Chrome/151.0.0.0 Safari/537.36
2026-08-25 12:41:40.090 INFO  [http-nio-3001-exec-6] [4407a4288d0d42f5b32c97627bdb5321] o.e.springboot.aspect.LogAspect - http_access method=GET path=/api/tour/filters status=200 durationMs=430 ip=127.0.0.1 operation=TourController.getTourFilters userAgent=Mozilla/5.0 (Windows NT 10.0; Win64; x64) AppleWebKit/537.36 (KHTML, like Gecko) Chrome/151.0.0.0 Safari/537.36
2026-08-25 12:49:07.852 INFO  [http-nio-3001-exec-4] [7f2f0e6209f84618a9815f71f53dea3f] o.e.springboot.aspect.LogAspect - http_access method=GET path=/api/tour/hot-keywords status=200 durationMs=9 ip=127.0.0.1 operation=TourController.getHotKeywords userAgent=Mozilla/5.0 (Windows NT 10.0; Win64; x64) AppleWebKit/537.36 (KHTML, like Gecko) Chrome/151.0.0.0 Safari/537.36
2026-08-25 12:49:08.320 INFO  [http-nio-3001-exec-5] [07321599944548078c1209b027120b04] o.e.springboot.aspect.LogAspect - http_access method=GET path=/api/tour/filters status=200 durationMs=476 ip=127.0.0.1 operation=TourController.getTourFilters userAgent=Mozilla/5.0 (Windows NT 10.0; Win64; x64) AppleWebKit/537.36 (KHTML, like Gecko) Chrome/151.0.0.0 Safari/537.36
2026-08-25 12:49:08.783 INFO  [http-nio-3001-exec-6] [307b997691244d98b0e10120a23f895d] o.e.springboot.aspect.LogAspect - http_access method=GET path=/api/tour/page status=200 durationMs=85 ip=127.0.0.1 operation=TourController.getToursByPage userAgent=Mozilla/5.0 (Windows NT 10.0; Win64; x64) AppleWebKit/537.36 (KHTML, like Gecko) Chrome/151.0.0.0 Safari/537.36
2026-08-25 12:49:09.261 INFO  [http-nio-3001-exec-10] [ab834696665b42db8cd52a720296cd25] o.e.springboot.aspect.LogAspect - http_access method=GET path=/api/tour/filters status=200 durationMs=565 ip=127.0.0.1 operation=TourController.getTourFilters userAgent=Mozilla/5.0 (Windows NT 10.0; Win64; x64) AppleWebKit/537.36 (KHTML, like Gecko) Chrome/151.0.0.0 Safari/537.36
2026-08-25 12:51:35.959 INFO  [http-nio-3001-exec-9] [adc2969f3cf24eb684447d950dacfdf8] o.e.springboot.aspect.LogAspect - http_access method=GET path=/api/site/tour-source/public status=200 durationMs=5 ip=127.0.0.1 operation=TourProductSourceConfigController.publicConfig userAgent=Mozilla/5.0 (Windows NT 10.0; Microsoft Windows 10.0.22631; zh-CN) PowerShell/7.6.4
2026-08-25 12:54:35.154 INFO  [SpringApplicationShutdownHook] [no-request] com.zaxxer.hikari.HikariDataSource - HikariPool-1 - Shutdown initiated...
2026-08-25 12:54:35.168 INFO  [SpringApplicationShutdownHook] [no-request] com.zaxxer.hikari.HikariDataSource - HikariPool-1 - Shutdown completed.
2026-08-25 12:55:28.763 INFO  [background-preinit] [no-request] o.h.validator.internal.util.Version - HV000001: Hibernate Validator 8.0.1.Final
2026-08-25 12:55:28.878 INFO  [main] [no-request] o.e.springboot.SpringbootApplication - Starting SpringbootApplication using Java 17.0.10 with PID 30292 (D:\code\learn\travel\springboot\target\classes started by 华硕 in D:\code\learn\travel\springboot)
2026-08-25 12:55:28.881 INFO  [main] [no-request] o.e.springboot.SpringbootApplication - No active profile set, falling back to 1 default profile: "default"
2026-08-25 12:55:32.047 INFO  [main] [no-request] o.s.d.r.c.RepositoryConfigurationDelegate - Multiple Spring Data modules found, entering strict repository configuration mode
2026-08-25 12:55:32.053 INFO  [main] [no-request] o.s.d.r.c.RepositoryConfigurationDelegate - Bootstrapping Spring Data Redis repositories in DEFAULT mode.
2026-08-25 12:55:32.155 INFO  [main] [no-request] o.s.d.r.c.RepositoryConfigurationDelegate - Finished Spring Data repository scanning in 55 ms. Found 0 Redis repository interfaces.
2026-08-25 12:55:35.101 INFO  [main] [no-request] o.s.b.w.e.tomcat.TomcatWebServer - Tomcat initialized with port 3001 (http)
2026-08-25 12:55:35.123 INFO  [main] [no-request] o.a.coyote.http11.Http11NioProtocol - Initializing ProtocolHandler ["http-nio-3001"]
2026-08-25 12:55:35.133 INFO  [main] [no-request] o.a.catalina.core.StandardService - Starting service [Tomcat]
2026-08-25 12:55:35.134 INFO  [main] [no-request] o.a.catalina.core.StandardEngine - Starting Servlet engine: [Apache Tomcat/10.1.16]
2026-08-25 12:55:35.337 INFO  [main] [no-request] o.a.c.c.C.[Tomcat].[localhost].[/] - Initializing Spring embedded WebApplicationContext
2026-08-25 12:55:35.338 INFO  [main] [no-request] o.s.b.w.s.c.ServletWebServerApplicationContext - Root WebApplicationContext: initialization completed in 6285 ms
2026-08-25 12:55:37.938 INFO  [main] [no-request] com.zaxxer.hikari.HikariDataSource - HikariPool-1 - Starting...
2026-08-25 12:55:38.365 INFO  [main] [no-request] com.zaxxer.hikari.pool.HikariPool - HikariPool-1 - Added connection com.mysql.cj.jdbc.ConnectionImpl@45753c22
2026-08-25 12:55:38.369 INFO  [main] [no-request] com.zaxxer.hikari.HikariDataSource - HikariPool-1 - Start completed.
2026-08-25 12:55:45.555 INFO  [main] [no-request] o.e.s.service.PaymentConfigService - 注册支付策略: alipay - 支付宝
2026-08-25 12:55:46.733 INFO  [main] [no-request] o.e.s.service.TourOrderAlipayService - 注册支付策略: alipay - 支付宝
2026-08-25 12:55:50.189 INFO  [main] [no-request] o.s.s.web.DefaultSecurityFilterChain - Will secure any request with [org.springframework.security.web.session.DisableEncodeUrlFilter@68c3aa38, org.springframework.security.web.context.request.async.WebAsyncManagerIntegrationFilter@1196537d, org.springframework.security.web.context.SecurityContextHolderFilter@4552e288, org.springframework.security.web.header.HeaderWriterFilter@54816d7a, org.springframework.web.filter.CorsFilter@8b1202a, org.springframework.security.web.authentication.logout.LogoutFilter@445f6aa7, org.springframework.security.web.savedrequest.RequestCacheAwareFilter@5c648e38, org.springframework.security.web.servletapi.SecurityContextHolderAwareRequestFilter@6bc8d8bd, org.springframework.security.web.authentication.AnonymousAuthenticationFilter@267a8777, org.springframework.security.web.access.ExceptionTranslationFilter@58038583, org.springframework.security.web.access.intercept.AuthorizationFilter@26723525]
2026-08-25 12:55:51.902 INFO  [main] [no-request] o.a.coyote.http11.Http11NioProtocol - Starting ProtocolHandler ["http-nio-3001"]
2026-08-25 12:55:51.988 INFO  [main] [no-request] o.s.b.w.e.tomcat.TomcatWebServer - Tomcat started on port 3001 (http) with context path ''
2026-08-25 12:55:52.034 INFO  [main] [no-request] o.e.springboot.SpringbootApplication - Started SpringbootApplication in 24.551 seconds (process running for 25.799)
2026-08-25 12:55:52.104 INFO  [main] [no-request] o.e.s.config.SuperAdminBootstrap - SUPER_ADMIN account already exists. Bootstrap skipped. userId=1
2026-08-25 12:56:14.013 INFO  [http-nio-3001-exec-1] [no-request] o.a.c.c.C.[Tomcat].[localhost].[/] - Initializing Spring DispatcherServlet 'dispatcherServlet'
2026-08-25 12:56:14.017 INFO  [http-nio-3001-exec-1] [no-request] o.s.web.servlet.DispatcherServlet - Initializing Servlet 'dispatcherServlet'
2026-08-25 12:56:14.038 INFO  [http-nio-3001-exec-1] [no-request] o.s.web.servlet.DispatcherServlet - Completed initialization in 6 ms
2026-08-25 12:56:14.123 WARN  [http-nio-3001-exec-1] [64594bff5714481fb55140a549001886] o.s.w.s.h.HandlerMappingIntrospector - Cache miss for REQUEST dispatch to '/api/tour/page' (previous null). Performing MatchableHandlerMapping lookup. This is logged once only at WARN level, and every time at TRACE.
2026-08-25 12:56:14.281 WARN  [http-nio-3001-exec-1] [64594bff5714481fb55140a549001886] o.a.c.util.SessionIdGeneratorBase - Creation of SecureRandom instance for session ID generation using [SHA1PRNG] took [117] milliseconds.
2026-08-25 12:56:14.998 INFO  [http-nio-3001-exec-1] [64594bff5714481fb55140a549001886] o.e.springboot.aspect.LogAspect - http_access method=GET path=/api/tour/page status=200 durationMs=650 ip=127.0.0.1 operation=TourController.getToursByPage userAgent=Mozilla/5.0 (Windows NT 10.0; Microsoft Windows 10.0.22631; zh-CN) PowerShell/7.6.4
2026-08-25 12:56:15.407 INFO  [http-nio-3001-exec-4] [2fa1c59dd8be4653a1577c593fb68b22] o.e.springboot.aspect.LogAspect - http_access method=GET path=/api/tour/filters status=200 durationMs=16 ip=127.0.0.1 operation=TourController.getTourFilters userAgent=Mozilla/5.0 (Windows NT 10.0; Microsoft Windows 10.0.22631; zh-CN) PowerShell/7.6.4
2026-08-25 12:56:15.551 INFO  [http-nio-3001-exec-5] [c77b91be81cc400ab89450440e67f996] o.e.springboot.aspect.LogAspect - http_access method=GET path=/api/tour/miniapp-dG91ci0xMDAx/detail status=200 durationMs=44 ip=127.0.0.1 operation=TourController.getTourDetail userAgent=Mozilla/5.0 (Windows NT 10.0; Microsoft Windows 10.0.22631; zh-CN) PowerShell/7.6.4
2026-08-25 12:56:15.637 INFO  [http-nio-3001-exec-6] [6b6e95549983416883d4b08c87768cc4] o.e.springboot.aspect.LogAspect - http_access method=GET path=/api/tour/miniapp-dG91ci0xMDAy/detail status=200 durationMs=21 ip=127.0.0.1 operation=TourController.getTourDetail userAgent=Mozilla/5.0 (Windows NT 10.0; Microsoft Windows 10.0.22631; zh-CN) PowerShell/7.6.4
2026-08-25 12:56:15.697 INFO  [http-nio-3001-exec-3] [87a3c4b1960646eab1c5e455cfdc36d2] o.e.springboot.aspect.LogAspect - http_access method=GET path=/api/tour/miniapp-dG91ci0yMDAx/detail status=200 durationMs=29 ip=127.0.0.1 operation=TourController.getTourDetail userAgent=Mozilla/5.0 (Windows NT 10.0; Microsoft Windows 10.0.22631; zh-CN) PowerShell/7.6.4
2026-08-25 12:56:15.765 INFO  [http-nio-3001-exec-1] [f3695e596f63405e8caf91e857bc0385] o.e.springboot.aspect.LogAspect - http_access method=GET path=/api/tour/miniapp-dG91ci0zMDAx/detail status=200 durationMs=29 ip=127.0.0.1 operation=TourController.getTourDetail userAgent=Mozilla/5.0 (Windows NT 10.0; Microsoft Windows 10.0.22631; zh-CN) PowerShell/7.6.4
2026-08-25 12:56:15.818 INFO  [http-nio-3001-exec-4] [8f8221e533874ef392a2d3819c9db061] o.e.springboot.aspect.LogAspect - http_access method=GET path=/api/tour/miniapp-dG91ci00MDAx/detail status=200 durationMs=16 ip=127.0.0.1 operation=TourController.getTourDetail userAgent=Mozilla/5.0 (Windows NT 10.0; Microsoft Windows 10.0.22631; zh-CN) PowerShell/7.6.4
2026-08-25 12:56:25.802 INFO  [http-nio-3001-exec-5] [f10da8eda19b4e2cab2d6371228ba0d3] o.e.springboot.aspect.LogAspect - http_access method=GET path=/api/tour/miniapp-dG91ci0xMDAx/detail status=200 durationMs=19 ip=127.0.0.1 operation=TourController.getTourDetail userAgent=Mozilla/5.0 (Windows NT 10.0; Microsoft Windows 10.0.22631; zh-CN) PowerShell/7.6.4
2026-08-25 12:57:29.651 INFO  [http-nio-3001-exec-6] [089a52f8781944b8b33d7b88b59b1812] o.e.springboot.aspect.LogAspect - http_access method=GET path=/api/site/assets/public status=200 durationMs=32 ip=127.0.0.1 operation=SiteAssetConfigController.getPublicConfig userAgent=Mozilla/5.0 (Windows NT 10.0; Win64; x64) AppleWebKit/537.36 (KHTML, like Gecko) Chrome/151.0.0.0 Safari/537.36
2026-08-25 12:57:29.671 INFO  [http-nio-3001-exec-7] [67f0853904b64e78a0834b344e654b87] o.e.springboot.aspect.LogAspect - http_access method=GET path=/api/site/access/public status=200 durationMs=56 ip=127.0.0.1 operation=SiteAccessConfigController.getPublicConfig userAgent=Mozilla/5.0 (Windows NT 10.0; Win64; x64) AppleWebKit/537.36 (KHTML, like Gecko) Chrome/151.0.0.0 Safari/537.36
2026-08-25 12:57:51.584 INFO  [http-nio-3001-exec-3] [67e3c39697e3464e930e33c771f7fcfb] o.e.springboot.aspect.LogAspect - http_access method=GET path=/api/site/assets/public status=200 durationMs=12 ip=127.0.0.1 operation=SiteAssetConfigController.getPublicConfig userAgent=Mozilla/5.0 (Windows NT 10.0; Win64; x64) AppleWebKit/537.36 (KHTML, like Gecko) Chrome/151.0.0.0 Safari/537.36
2026-08-25 12:57:51.598 INFO  [http-nio-3001-exec-10] [116e064d16e342178d09ed6326aad35e] o.e.springboot.aspect.LogAspect - http_access method=GET path=/api/site/access/public status=200 durationMs=19 ip=127.0.0.1 operation=SiteAccessConfigController.getPublicConfig userAgent=Mozilla/5.0 (Windows NT 10.0; Win64; x64) AppleWebKit/537.36 (KHTML, like Gecko) Chrome/151.0.0.0 Safari/537.36
2026-08-25 12:57:52.372 INFO  [http-nio-3001-exec-4] [e6253226788e491690e1c8de4cbb1f79] o.e.springboot.aspect.LogAspect - http_access method=GET path=/api/tour/filters status=200 durationMs=44 ip=127.0.0.1 operation=TourController.getTourFilters userAgent=Mozilla/5.0 (Windows NT 10.0; Win64; x64) AppleWebKit/537.36 (KHTML, like Gecko) Chrome/151.0.0.0 Safari/537.36
2026-08-25 12:57:52.373 INFO  [http-nio-3001-exec-2] [147d844a210a46d6a2edc134f56665fd] o.e.springboot.aspect.LogAspect - http_access method=GET path=/api/tour/hot-keywords status=200 durationMs=80 ip=127.0.0.1 operation=TourController.getHotKeywords userAgent=Mozilla/5.0 (Windows NT 10.0; Win64; x64) AppleWebKit/537.36 (KHTML, like Gecko) Chrome/151.0.0.0 Safari/537.36
2026-08-25 12:57:52.383 INFO  [http-nio-3001-exec-9] [8f218877c8ba4caab61141f07efe836e] o.e.springboot.aspect.LogAspect - http_access method=GET path=/api/site/page-content/public/frontend-header status=200 durationMs=33 ip=127.0.0.1 operation=PageContentConfigController.getPublicContent userAgent=Mozilla/5.0 (Windows NT 10.0; Win64; x64) AppleWebKit/537.36 (KHTML, like Gecko) Chrome/151.0.0.0 Safari/537.36
2026-08-25 12:57:52.623 INFO  [http-nio-3001-exec-5] [801a0acfa8574adf97fca37cbe11054e] o.e.springboot.aspect.LogAspect - http_access method=GET path=/api/site/assets/public status=200 durationMs=6 ip=127.0.0.1 operation=SiteAssetConfigController.getPublicConfig userAgent=Mozilla/5.0 (Windows NT 10.0; Win64; x64) AppleWebKit/537.36 (KHTML, like Gecko) Chrome/151.0.0.0 Safari/537.36
2026-08-25 12:57:52.809 INFO  [http-nio-3001-exec-8] [4c9851806b1f4de3b60360b19f7730a0] o.e.springboot.aspect.LogAspect - http_access method=GET path=/api/tour/filters status=200 durationMs=12 ip=127.0.0.1 operation=TourController.getTourFilters userAgent=Mozilla/5.0 (Windows NT 10.0; Win64; x64) AppleWebKit/537.36 (KHTML, like Gecko) Chrome/151.0.0.0 Safari/537.36
2026-08-25 12:57:52.813 INFO  [http-nio-3001-exec-6] [2dd71546bc4242dcbf2013f20b2ea776] o.e.springboot.aspect.LogAspect - http_access method=GET path=/api/tour/page status=200 durationMs=16 ip=127.0.0.1 operation=TourController.getToursByPage userAgent=Mozilla/5.0 (Windows NT 10.0; Win64; x64) AppleWebKit/537.36 (KHTML, like Gecko) Chrome/151.0.0.0 Safari/537.36
2026-08-25 12:57:53.114 INFO  [http-nio-3001-exec-7] [a24483f48bc5424691c0a6b2cfe38ad8] o.e.springboot.aspect.LogAspect - http_access method=GET path=/api/site/footer/public status=200 durationMs=136 ip=127.0.0.1 operation=SiteFooterConfigController.getPublicConfig userAgent=Mozilla/5.0 (Windows NT 10.0; Win64; x64) AppleWebKit/537.36 (KHTML, like Gecko) Chrome/151.0.0.0 Safari/537.36
2026-08-25 12:58:39.872 INFO  [http-nio-3001-exec-5] [d72af81f4e1547eeaa81ea48f54c061e] o.e.springboot.aspect.LogAspect - http_access method=GET path=/api/tour/hot-keywords status=200 durationMs=22 ip=127.0.0.1 operation=TourController.getHotKeywords userAgent=Mozilla/5.0 (Windows NT 10.0; Win64; x64) AppleWebKit/537.36 (KHTML, like Gecko) Chrome/151.0.0.0 Safari/537.36
2026-08-25 12:58:40.055 INFO  [http-nio-3001-exec-8] [7b9cdf92e27c49979f14c501f607041f] o.e.springboot.aspect.LogAspect - http_access method=GET path=/api/tour/hot-keywords status=200 durationMs=6 ip=127.0.0.1 operation=TourController.getHotKeywords userAgent=Mozilla/5.0 (Windows NT 10.0; Win64; x64) AppleWebKit/537.36 (KHTML, like Gecko) Chrome/151.0.0.0 Safari/537.36
2026-08-25 12:58:40.130 INFO  [http-nio-3001-exec-7] [b6150197761146518db43b9195f0098e] o.e.springboot.aspect.LogAspect - http_access method=GET path=/api/tour/filters status=200 durationMs=17 ip=127.0.0.1 operation=TourController.getTourFilters userAgent=Mozilla/5.0 (Windows NT 10.0; Win64; x64) AppleWebKit/537.36 (KHTML, like Gecko) Chrome/151.0.0.0 Safari/537.36
2026-08-25 12:58:40.135 INFO  [http-nio-3001-exec-6] [4eada17195c04bf793f06ac41efe1350] o.e.springboot.aspect.LogAspect - http_access method=GET path=/api/tour/filters status=200 durationMs=23 ip=127.0.0.1 operation=TourController.getTourFilters userAgent=Mozilla/5.0 (Windows NT 10.0; Win64; x64) AppleWebKit/537.36 (KHTML, like Gecko) Chrome/151.0.0.0 Safari/537.36
2026-08-25 12:58:40.202 INFO  [http-nio-3001-exec-3] [a0c9c20755f048389dbc606cc841bd82] o.e.springboot.aspect.LogAspect - http_access method=GET path=/api/tour/page status=200 durationMs=18 ip=127.0.0.1 operation=TourController.getToursByPage userAgent=Mozilla/5.0 (Windows NT 10.0; Win64; x64) AppleWebKit/537.36 (KHTML, like Gecko) Chrome/151.0.0.0 Safari/537.36
2026-08-25 12:58:40.208 INFO  [http-nio-3001-exec-10] [a1c52b6ff71d4d4a87d346317c252281] o.e.springboot.aspect.LogAspect - http_access method=GET path=/api/tour/filters status=200 durationMs=23 ip=127.0.0.1 operation=TourController.getTourFilters userAgent=Mozilla/5.0 (Windows NT 10.0; Win64; x64) AppleWebKit/537.36 (KHTML, like Gecko) Chrome/151.0.0.0 Safari/537.36
2026-08-25 12:58:40.522 INFO  [http-nio-3001-exec-1] [13cec20fa84e448db4d7cd9e392365a8] o.e.springboot.aspect.LogAspect - http_access method=GET path=/api/tour/filters status=200 durationMs=11 ip=127.0.0.1 operation=TourController.getTourFilters userAgent=Mozilla/5.0 (Windows NT 10.0; Win64; x64) AppleWebKit/537.36 (KHTML, like Gecko) Chrome/151.0.0.0 Safari/537.36
2026-08-25 12:58:40.529 INFO  [http-nio-3001-exec-2] [a817a619f7fc434b9c3d1e47ba5eeb36] o.e.springboot.aspect.LogAspect - http_access method=GET path=/api/tour/page status=200 durationMs=14 ip=127.0.0.1 operation=TourController.getToursByPage userAgent=Mozilla/5.0 (Windows NT 10.0; Win64; x64) AppleWebKit/537.36 (KHTML, like Gecko) Chrome/151.0.0.0 Safari/537.36
2026-08-25 12:59:45.387 INFO  [SpringApplicationShutdownHook] [no-request] com.zaxxer.hikari.HikariDataSource - HikariPool-1 - Shutdown initiated...
2026-08-25 12:59:45.402 INFO  [SpringApplicationShutdownHook] [no-request] com.zaxxer.hikari.HikariDataSource - HikariPool-1 - Shutdown completed.
2026-08-25 13:00:22.784 INFO  [background-preinit] [no-request] o.h.validator.internal.util.Version - HV000001: Hibernate Validator 8.0.1.Final
2026-08-25 13:00:22.898 INFO  [main] [no-request] o.e.springboot.SpringbootApplication - Starting SpringbootApplication using Java 17.0.10 with PID 29972 (D:\code\learn\travel\springboot\target\classes started by 华硕 in D:\code\learn\travel\springboot)
2026-08-25 13:00:22.901 INFO  [main] [no-request] o.e.springboot.SpringbootApplication - No active profile set, falling back to 1 default profile: "default"
2026-08-25 13:00:26.159 INFO  [main] [no-request] o.s.d.r.c.RepositoryConfigurationDelegate - Multiple Spring Data modules found, entering strict repository configuration mode
2026-08-25 13:00:26.166 INFO  [main] [no-request] o.s.d.r.c.RepositoryConfigurationDelegate - Bootstrapping Spring Data Redis repositories in DEFAULT mode.
2026-08-25 13:00:26.252 INFO  [main] [no-request] o.s.d.r.c.RepositoryConfigurationDelegate - Finished Spring Data repository scanning in 51 ms. Found 0 Redis repository interfaces.
2026-08-25 13:00:29.038 INFO  [main] [no-request] o.s.b.w.e.tomcat.TomcatWebServer - Tomcat initialized with port 3001 (http)
2026-08-25 13:00:29.069 INFO  [main] [no-request] o.a.coyote.http11.Http11NioProtocol - Initializing ProtocolHandler ["http-nio-3001"]
2026-08-25 13:00:29.079 INFO  [main] [no-request] o.a.catalina.core.StandardService - Starting service [Tomcat]
2026-08-25 13:00:29.080 INFO  [main] [no-request] o.a.catalina.core.StandardEngine - Starting Servlet engine: [Apache Tomcat/10.1.16]
2026-08-25 13:00:29.289 INFO  [main] [no-request] o.a.c.c.C.[Tomcat].[localhost].[/] - Initializing Spring embedded WebApplicationContext
2026-08-25 13:00:29.292 INFO  [main] [no-request] o.s.b.w.s.c.ServletWebServerApplicationContext - Root WebApplicationContext: initialization completed in 6244 ms
2026-08-25 13:00:31.861 INFO  [main] [no-request] com.zaxxer.hikari.HikariDataSource - HikariPool-1 - Starting...
2026-08-25 13:00:32.267 INFO  [main] [no-request] com.zaxxer.hikari.pool.HikariPool - HikariPool-1 - Added connection com.mysql.cj.jdbc.ConnectionImpl@25c548d1
2026-08-25 13:00:32.274 INFO  [main] [no-request] com.zaxxer.hikari.HikariDataSource - HikariPool-1 - Start completed.
2026-08-25 13:00:38.931 INFO  [main] [no-request] o.e.s.service.PaymentConfigService - 注册支付策略: alipay - 支付宝
2026-08-25 13:00:40.163 INFO  [main] [no-request] o.e.s.service.TourOrderAlipayService - 注册支付策略: alipay - 支付宝
2026-08-25 13:00:43.571 INFO  [main] [no-request] o.s.s.web.DefaultSecurityFilterChain - Will secure any request with [org.springframework.security.web.session.DisableEncodeUrlFilter@3ef4a8fb, org.springframework.security.web.context.request.async.WebAsyncManagerIntegrationFilter@30f99ca1, org.springframework.security.web.context.SecurityContextHolderFilter@1b83fac3, org.springframework.security.web.header.HeaderWriterFilter@34074149, org.springframework.web.filter.CorsFilter@7d5ef1c3, org.springframework.security.web.authentication.logout.LogoutFilter@1013aa94, org.springframework.security.web.savedrequest.RequestCacheAwareFilter@759c53e5, org.springframework.security.web.servletapi.SecurityContextHolderAwareRequestFilter@28d37d43, org.springframework.security.web.authentication.AnonymousAuthenticationFilter@edb8f0c, org.springframework.security.web.access.ExceptionTranslationFilter@e30a8ef, org.springframework.security.web.access.intercept.AuthorizationFilter@341141ab]
2026-08-25 13:00:45.186 INFO  [main] [no-request] o.a.coyote.http11.Http11NioProtocol - Starting ProtocolHandler ["http-nio-3001"]
2026-08-25 13:00:45.237 INFO  [main] [no-request] o.s.b.w.e.tomcat.TomcatWebServer - Tomcat started on port 3001 (http) with context path ''
2026-08-25 13:00:45.267 INFO  [main] [no-request] o.e.springboot.SpringbootApplication - Started SpringbootApplication in 23.675 seconds (process running for 25.105)
2026-08-25 13:00:45.309 INFO  [main] [no-request] o.e.s.config.SuperAdminBootstrap - SUPER_ADMIN account already exists. Bootstrap skipped. userId=1
2026-08-25 13:01:06.785 INFO  [http-nio-3001-exec-3] [no-request] o.a.c.c.C.[Tomcat].[localhost].[/] - Initializing Spring DispatcherServlet 'dispatcherServlet'
2026-08-25 13:01:06.786 INFO  [http-nio-3001-exec-3] [no-request] o.s.web.servlet.DispatcherServlet - Initializing Servlet 'dispatcherServlet'
2026-08-25 13:01:06.793 INFO  [http-nio-3001-exec-3] [no-request] o.s.web.servlet.DispatcherServlet - Completed initialization in 6 ms
2026-08-25 13:01:06.862 WARN  [http-nio-3001-exec-3] [fd3a0738c58e40b8b4b773ab7a566550] o.s.w.s.h.HandlerMappingIntrospector - Cache miss for REQUEST dispatch to '/api/site/access/public' (previous null). Performing MatchableHandlerMapping lookup. This is logged once only at WARN level, and every time at TRACE.
2026-08-25 13:01:07.024 WARN  [http-nio-3001-exec-1] [a9a8d41aaf3341179afc032b12cab972] o.a.c.util.SessionIdGeneratorBase - Creation of SecureRandom instance for session ID generation using [SHA1PRNG] took [125] milliseconds.
2026-08-25 13:01:07.024 WARN  [http-nio-3001-exec-3] [fd3a0738c58e40b8b4b773ab7a566550] o.a.c.util.SessionIdGeneratorBase - Creation of SecureRandom instance for session ID generation using [SHA1PRNG] took [125] milliseconds.
2026-08-25 13:01:07.026 WARN  [http-nio-3001-exec-2] [d85a65a7c46545809203c59cd217c32a] o.a.c.util.SessionIdGeneratorBase - Creation of SecureRandom instance for session ID generation using [SHA1PRNG] took [125] milliseconds.
2026-08-25 13:01:07.656 INFO  [http-nio-3001-exec-2] [d85a65a7c46545809203c59cd217c32a] o.e.springboot.aspect.LogAspect - http_access method=GET path=/api/site/assets/public status=200 durationMs=584 ip=127.0.0.1 operation=SiteAssetConfigController.getPublicConfig userAgent=Mozilla/5.0 (Windows NT 10.0; Win64; x64) AppleWebKit/537.36 (KHTML, like Gecko) Chrome/151.0.0.0 Safari/537.36
2026-08-25 13:01:07.659 INFO  [http-nio-3001-exec-3] [fd3a0738c58e40b8b4b773ab7a566550] o.e.springboot.aspect.LogAspect - http_access method=GET path=/api/site/access/public status=200 durationMs=588 ip=127.0.0.1 operation=SiteAccessConfigController.getPublicConfig userAgent=Mozilla/5.0 (Windows NT 10.0; Win64; x64) AppleWebKit/537.36 (KHTML, like Gecko) Chrome/151.0.0.0 Safari/537.36
2026-08-25 13:01:07.662 INFO  [http-nio-3001-exec-1] [a9a8d41aaf3341179afc032b12cab972] o.e.springboot.aspect.LogAspect - http_access method=GET path=/api/site/access/public status=200 durationMs=591 ip=127.0.0.1 operation=SiteAccessConfigController.getPublicConfig userAgent=Mozilla/5.0 (Windows NT 10.0; Win64; x64) AppleWebKit/537.36 (KHTML, like Gecko) Chrome/151.0.0.0 Safari/537.36
2026-08-25 13:01:08.361 INFO  [http-nio-3001-exec-5] [357eb7f147f04d788b1c5a0dd24d8b0f] o.e.springboot.aspect.LogAspect - http_access method=GET path=/api/tour/hot-keywords status=200 durationMs=211 ip=127.0.0.1 operation=TourController.getHotKeywords userAgent=Mozilla/5.0 (Windows NT 10.0; Win64; x64) AppleWebKit/537.36 (KHTML, like Gecko) Chrome/151.0.0.0 Safari/537.36
2026-08-25 13:01:08.484 INFO  [http-nio-3001-exec-8] [a22049af6b4244058bc918e6f5c86b03] o.e.springboot.aspect.LogAspect - http_access method=GET path=/api/site/assets/public status=200 durationMs=12 ip=127.0.0.1 operation=SiteAssetConfigController.getPublicConfig userAgent=Mozilla/5.0 (Windows NT 10.0; Win64; x64) AppleWebKit/537.36 (KHTML, like Gecko) Chrome/151.0.0.0 Safari/537.36
2026-08-25 13:01:08.533 INFO  [http-nio-3001-exec-7] [8e0460733406423a98c9ff27d5802af4] o.e.springboot.aspect.LogAspect - http_access method=GET path=/api/site/page-content/public/frontend-header status=200 durationMs=18 ip=127.0.0.1 operation=PageContentConfigController.getPublicContent userAgent=Mozilla/5.0 (Windows NT 10.0; Win64; x64) AppleWebKit/537.36 (KHTML, like Gecko) Chrome/151.0.0.0 Safari/537.36
2026-08-25 13:01:08.540 INFO  [http-nio-3001-exec-6] [57b7baec6ebf45e4af59e7d7ca42bca5] o.e.springboot.aspect.LogAspect - http_access method=GET path=/api/tour/filters status=200 durationMs=22 ip=127.0.0.1 operation=TourController.getTourFilters userAgent=Mozilla/5.0 (Windows NT 10.0; Win64; x64) AppleWebKit/537.36 (KHTML, like Gecko) Chrome/151.0.0.0 Safari/537.36
2026-08-25 13:01:08.927 INFO  [http-nio-3001-exec-9] [20aa09763ce346ca8153af7e4aed6a15] o.e.springboot.aspect.LogAspect - http_access method=GET path=/api/site/footer/public status=200 durationMs=93 ip=127.0.0.1 operation=SiteFooterConfigController.getPublicConfig userAgent=Mozilla/5.0 (Windows NT 10.0; Win64; x64) AppleWebKit/537.36 (KHTML, like Gecko) Chrome/151.0.0.0 Safari/537.36
2026-08-25 13:01:08.948 INFO  [http-nio-3001-exec-10] [b816b415ed7b4edaa4e3e8a574ca4550] o.e.springboot.aspect.LogAspect - http_access method=GET path=/api/tour/filters status=200 durationMs=28 ip=127.0.0.1 operation=TourController.getTourFilters userAgent=Mozilla/5.0 (Windows NT 10.0; Win64; x64) AppleWebKit/537.36 (KHTML, like Gecko) Chrome/151.0.0.0 Safari/537.36
2026-08-25 13:01:08.983 INFO  [http-nio-3001-exec-1] [b67f1a36fe474269b335c16444c8b666] o.e.springboot.aspect.LogAspect - http_access method=GET path=/api/tour/page status=200 durationMs=58 ip=127.0.0.1 operation=TourController.getToursByPage userAgent=Mozilla/5.0 (Windows NT 10.0; Win64; x64) AppleWebKit/537.36 (KHTML, like Gecko) Chrome/151.0.0.0 Safari/537.36
2026-08-25 13:01:25.391 INFO  [http-nio-3001-exec-6] [34a2aa4b73454753af52d95e6bed6b0b] o.e.springboot.aspect.LogAspect - http_access method=GET path=/api/site/assets/public status=200 durationMs=4 ip=127.0.0.1 operation=SiteAssetConfigController.getPublicConfig userAgent=Mozilla/5.0 (Windows NT 10.0; Win64; x64) AppleWebKit/537.36 (KHTML, like Gecko) Chrome/151.0.0.0 Safari/537.36
2026-08-25 13:01:25.403 INFO  [http-nio-3001-exec-10] [df60725fc4a248fc86e50b935a933434] o.e.springboot.aspect.LogAspect - http_access method=GET path=/api/site/access/public status=200 durationMs=16 ip=127.0.0.1 operation=SiteAccessConfigController.getPublicConfig userAgent=Mozilla/5.0 (Windows NT 10.0; Win64; x64) AppleWebKit/537.36 (KHTML, like Gecko) Chrome/151.0.0.0 Safari/537.36
2026-08-25 13:01:26.417 INFO  [http-nio-3001-exec-1] [b3f552e96a76439396556c27d3fb2335] o.e.springboot.aspect.LogAspect - http_access method=GET path=/api/site/page-content/public/frontend-header status=200 durationMs=4 ip=127.0.0.1 operation=PageContentConfigController.getPublicContent userAgent=Mozilla/5.0 (Windows NT 10.0; Win64; x64) AppleWebKit/537.36 (KHTML, like Gecko) Chrome/151.0.0.0 Safari/537.36
2026-08-25 13:01:26.717 INFO  [http-nio-3001-exec-3] [d36ff0575da84d7f8efe05a0d3ce81dd] o.e.springboot.aspect.LogAspect - http_access method=GET path=/api/site/assets/public status=200 durationMs=6 ip=127.0.0.1 operation=SiteAssetConfigController.getPublicConfig userAgent=Mozilla/5.0 (Windows NT 10.0; Win64; x64) AppleWebKit/537.36 (KHTML, like Gecko) Chrome/151.0.0.0 Safari/537.36
2026-08-25 13:01:26.780 INFO  [http-nio-3001-exec-4] [f1c09715b0dc4a219ac8408b0a1239a4] o.e.springboot.aspect.LogAspect - http_access method=GET path=/api/tour/miniapp-dG91ci0xMDAy/detail status=200 durationMs=35 ip=127.0.0.1 operation=TourController.getTourDetail userAgent=Mozilla/5.0 (Windows NT 10.0; Win64; x64) AppleWebKit/537.36 (KHTML, like Gecko) Chrome/151.0.0.0 Safari/537.36
2026-08-25 13:01:27.067 INFO  [http-nio-3001-exec-8] [5e16f328c0ab44ff83ea3670593376eb] o.e.springboot.aspect.LogAspect - http_access method=GET path=/api/site/footer/public status=200 durationMs=8 ip=127.0.0.1 operation=SiteFooterConfigController.getPublicConfig userAgent=Mozilla/5.0 (Windows NT 10.0; Win64; x64) AppleWebKit/537.36 (KHTML, like Gecko) Chrome/151.0.0.0 Safari/537.36
2026-08-25 13:03:37.199 INFO  [http-nio-3001-exec-3] [7ef023a9bd3a4abc855435a51287883c] o.e.springboot.aspect.LogAspect - http_access method=GET path=/api/site/assets/public status=200 durationMs=6 ip=127.0.0.1 operation=SiteAssetConfigController.getPublicConfig userAgent=Mozilla/5.0 (Windows NT 10.0; Win64; x64) AppleWebKit/537.36 (KHTML, like Gecko) Chrome/151.0.0.0 Safari/537.36
2026-08-25 13:03:37.215 INFO  [http-nio-3001-exec-1] [222ab80b53234468a32b0cffa8d09f5b] o.e.springboot.aspect.LogAspect - http_access method=GET path=/api/site/page-content/public/frontend-header status=200 durationMs=9 ip=127.0.0.1 operation=PageContentConfigController.getPublicContent userAgent=Mozilla/5.0 (Windows NT 10.0; Win64; x64) AppleWebKit/537.36 (KHTML, like Gecko) Chrome/151.0.0.0 Safari/537.36
2026-08-25 13:03:37.281 INFO  [http-nio-3001-exec-4] [902c362ebc8c47ff99a91da7cdc33997] o.e.springboot.aspect.LogAspect - http_access method=GET path=/api/tour/miniapp-dG91ci0xMDAy/detail status=200 durationMs=38 ip=127.0.0.1 operation=TourController.getTourDetail userAgent=Mozilla/5.0 (Windows NT 10.0; Win64; x64) AppleWebKit/537.36 (KHTML, like Gecko) Chrome/151.0.0.0 Safari/537.36
2026-08-25 13:03:37.289 INFO  [http-nio-3001-exec-8] [b5afb64c0fc44e72a42b7208581b3867] o.e.springboot.aspect.LogAspect - http_access method=GET path=/api/site/footer/public status=200 durationMs=7 ip=127.0.0.1 operation=SiteFooterConfigController.getPublicConfig userAgent=Mozilla/5.0 (Windows NT 10.0; Win64; x64) AppleWebKit/537.36 (KHTML, like Gecko) Chrome/151.0.0.0 Safari/537.36
2026-08-25 13:03:37.640 INFO  [http-nio-3001-exec-5] [94142fdeb4e34320ba7003573af5b327] o.e.springboot.aspect.LogAspect - http_access method=GET path=/api/tour/hot-keywords status=200 durationMs=26 ip=127.0.0.1 operation=TourController.getHotKeywords userAgent=Mozilla/5.0 (Windows NT 10.0; Win64; x64) AppleWebKit/537.36 (KHTML, like Gecko) Chrome/151.0.0.0 Safari/537.36
2026-08-25 13:03:37.943 INFO  [http-nio-3001-exec-7] [4072b17405e74158a417601ce19931c8] o.e.springboot.aspect.LogAspect - http_access method=GET path=/api/site/assets/public status=200 durationMs=5 ip=127.0.0.1 operation=SiteAssetConfigController.getPublicConfig userAgent=Mozilla/5.0 (Windows NT 10.0; Win64; x64) AppleWebKit/537.36 (KHTML, like Gecko) Chrome/151.0.0.0 Safari/537.36
2026-08-25 13:03:37.954 INFO  [http-nio-3001-exec-10] [0ea5ecd50d004f41a9691e1715ae299f] o.e.springboot.aspect.LogAspect - http_access method=GET path=/api/tour/filters status=200 durationMs=15 ip=127.0.0.1 operation=TourController.getTourFilters userAgent=Mozilla/5.0 (Windows NT 10.0; Win64; x64) AppleWebKit/537.36 (KHTML, like Gecko) Chrome/151.0.0.0 Safari/537.36
2026-08-25 13:03:37.966 INFO  [http-nio-3001-exec-2] [09a4990dc0ec49669e0fce7bd144ffa7] o.e.springboot.aspect.LogAspect - http_access method=GET path=/api/site/page-content/public/frontend-header status=200 durationMs=9 ip=127.0.0.1 operation=PageContentConfigController.getPublicContent userAgent=Mozilla/5.0 (Windows NT 10.0; Win64; x64) AppleWebKit/537.36 (KHTML, like Gecko) Chrome/151.0.0.0 Safari/537.36
2026-08-25 13:03:38.340 INFO  [http-nio-3001-exec-6] [ac7524f779a54f9a805ee39d59f42b4d] o.e.springboot.aspect.LogAspect - http_access method=GET path=/api/site/footer/public status=200 durationMs=6 ip=127.0.0.1 operation=SiteFooterConfigController.getPublicConfig userAgent=Mozilla/5.0 (Windows NT 10.0; Win64; x64) AppleWebKit/537.36 (KHTML, like Gecko) Chrome/151.0.0.0 Safari/537.36
2026-08-25 13:03:38.348 INFO  [http-nio-3001-exec-9] [d598559e716c4a0098efef00af1f3872] o.e.springboot.aspect.LogAspect - http_access method=GET path=/api/tour/filters status=200 durationMs=13 ip=127.0.0.1 operation=TourController.getTourFilters userAgent=Mozilla/5.0 (Windows NT 10.0; Win64; x64) AppleWebKit/537.36 (KHTML, like Gecko) Chrome/151.0.0.0 Safari/537.36
2026-08-25 13:03:38.384 INFO  [http-nio-3001-exec-3] [f4fd7d4534d847e8b3369016e5552ca2] o.e.springboot.aspect.LogAspect - http_access method=GET path=/api/tour/page status=200 durationMs=12 ip=127.0.0.1 operation=TourController.getToursByPage userAgent=Mozilla/5.0 (Windows NT 10.0; Win64; x64) AppleWebKit/537.36 (KHTML, like Gecko) Chrome/151.0.0.0 Safari/537.36
2026-08-25 13:03:52.720 INFO  [http-nio-3001-exec-6] [8a8d7e7b0d3a46dcbf6536fe8d3491f4] o.e.springboot.aspect.LogAspect - http_access method=GET path=/api/site/assets/public status=200 durationMs=4 ip=127.0.0.1 operation=SiteAssetConfigController.getPublicConfig userAgent=Mozilla/5.0 (Windows NT 10.0; Win64; x64) AppleWebKit/537.36 (KHTML, like Gecko) Chrome/151.0.0.0 Safari/537.36
2026-08-25 13:03:52.723 INFO  [http-nio-3001-exec-9] [f79ace24a1cc46269aed698c5c5a040a] o.e.springboot.aspect.LogAspect - http_access method=GET path=/api/site/access/public status=200 durationMs=9 ip=127.0.0.1 operation=SiteAccessConfigController.getPublicConfig userAgent=Mozilla/5.0 (Windows NT 10.0; Win64; x64) AppleWebKit/537.36 (KHTML, like Gecko) Chrome/151.0.0.0 Safari/537.36
2026-08-25 13:03:53.257 INFO  [http-nio-3001-exec-1] [5959199fff694bd3b62a250ab0273e29] o.e.springboot.aspect.LogAspect - http_access method=GET path=/api/site/page-content/public/frontend-header status=200 durationMs=4 ip=127.0.0.1 operation=PageContentConfigController.getPublicContent userAgent=Mozilla/5.0 (Windows NT 10.0; Win64; x64) AppleWebKit/537.36 (KHTML, like Gecko) Chrome/151.0.0.0 Safari/537.36
2026-08-25 13:03:53.569 INFO  [http-nio-3001-exec-4] [0e8eed77344a49f983999c76dc1f2f57] o.e.springboot.aspect.LogAspect - http_access method=GET path=/api/site/assets/public status=200 durationMs=6 ip=127.0.0.1 operation=SiteAssetConfigController.getPublicConfig userAgent=Mozilla/5.0 (Windows NT 10.0; Win64; x64) AppleWebKit/537.36 (KHTML, like Gecko) Chrome/151.0.0.0 Safari/537.36
2026-08-25 13:03:53.600 INFO  [http-nio-3001-exec-2] [7b04cd7bf82b416d847303de2217003b] o.e.springboot.aspect.LogAspect - http_access method=GET path=/api/tour/miniapp-dG91ci0xMDAy/detail status=200 durationMs=26 ip=127.0.0.1 operation=TourController.getTourDetail userAgent=Mozilla/5.0 (Windows NT 10.0; Win64; x64) AppleWebKit/537.36 (KHTML, like Gecko) Chrome/151.0.0.0 Safari/537.36
2026-08-25 13:03:53.667 INFO  [http-nio-3001-exec-7] [565c790a21734d57b17d4a277fa28f03] o.e.springboot.aspect.LogAspect - http_access method=GET path=/api/site/footer/public status=200 durationMs=6 ip=127.0.0.1 operation=SiteFooterConfigController.getPublicConfig userAgent=Mozilla/5.0 (Windows NT 10.0; Win64; x64) AppleWebKit/537.36 (KHTML, like Gecko) Chrome/151.0.0.0 Safari/537.36
2026-08-25 13:04:50.180 INFO  [http-nio-3001-exec-4] [8ae2c56d84bc453484f07d67674df8be] o.e.springboot.aspect.LogAspect - http_access method=GET path=/api/site/assets/public status=200 durationMs=6 ip=127.0.0.1 operation=SiteAssetConfigController.getPublicConfig userAgent=Mozilla/5.0 (Windows NT 10.0; Win64; x64) AppleWebKit/537.36 (KHTML, like Gecko) Chrome/151.0.0.0 Safari/537.36
2026-08-25 13:04:50.180 INFO  [http-nio-3001-exec-1] [40a7bcf755854ecbb332566aa9527af0] o.e.springboot.aspect.LogAspect - http_access method=GET path=/api/site/page-content/public/frontend-header status=200 durationMs=4 ip=127.0.0.1 operation=PageContentConfigController.getPublicContent userAgent=Mozilla/5.0 (Windows NT 10.0; Win64; x64) AppleWebKit/537.36 (KHTML, like Gecko) Chrome/151.0.0.0 Safari/537.36
2026-08-25 13:04:50.219 INFO  [http-nio-3001-exec-2] [6f1ff6ead8f94937a8cc0075719b06d1] o.e.springboot.aspect.LogAspect - http_access method=GET path=/api/tour/miniapp-dG91ci0xMDAy/detail status=200 durationMs=37 ip=127.0.0.1 operation=TourController.getTourDetail userAgent=Mozilla/5.0 (Windows NT 10.0; Win64; x64) AppleWebKit/537.36 (KHTML, like Gecko) Chrome/151.0.0.0 Safari/537.36
2026-08-25 13:04:50.306 INFO  [http-nio-3001-exec-7] [247b05c1fb104d4eb32c08af981e6602] o.e.springboot.aspect.LogAspect - http_access method=GET path=/api/site/footer/public status=200 durationMs=8 ip=127.0.0.1 operation=SiteFooterConfigController.getPublicConfig userAgent=Mozilla/5.0 (Windows NT 10.0; Win64; x64) AppleWebKit/537.36 (KHTML, like Gecko) Chrome/151.0.0.0 Safari/537.36
2026-08-25 13:04:50.571 INFO  [http-nio-3001-exec-8] [a6cdc1fc4e7a4592b33bbd10d58247c7] o.e.springboot.aspect.LogAspect - http_access method=GET path=/api/tour/hot-keywords status=200 durationMs=28 ip=127.0.0.1 operation=TourController.getHotKeywords userAgent=Mozilla/5.0 (Windows NT 10.0; Win64; x64) AppleWebKit/537.36 (KHTML, like Gecko) Chrome/151.0.0.0 Safari/537.36
2026-08-25 13:04:50.579 INFO  [http-nio-3001-exec-9] [ec5b1042476a4ca6b22c50bbe90da35f] o.e.springboot.aspect.LogAspect - http_access method=GET path=/api/tour/filters status=200 durationMs=33 ip=127.0.0.1 operation=TourController.getTourFilters userAgent=Mozilla/5.0 (Windows NT 10.0; Win64; x64) AppleWebKit/537.36 (KHTML, like Gecko) Chrome/151.0.0.0 Safari/537.36
2026-08-25 13:04:50.866 INFO  [http-nio-3001-exec-6] [fd922c19ed34412ab74472da71820a5b] o.e.springboot.aspect.LogAspect - http_access method=GET path=/api/site/assets/public status=200 durationMs=5 ip=127.0.0.1 operation=SiteAssetConfigController.getPublicConfig userAgent=Mozilla/5.0 (Windows NT 10.0; Win64; x64) AppleWebKit/537.36 (KHTML, like Gecko) Chrome/151.0.0.0 Safari/537.36
2026-08-25 13:04:50.879 INFO  [http-nio-3001-exec-5] [e9be42682d30491e998f48a079386aca] o.e.springboot.aspect.LogAspect - http_access method=GET path=/api/site/page-content/public/frontend-header status=200 durationMs=7 ip=127.0.0.1 operation=PageContentConfigController.getPublicContent userAgent=Mozilla/5.0 (Windows NT 10.0; Win64; x64) AppleWebKit/537.36 (KHTML, like Gecko) Chrome/151.0.0.0 Safari/537.36
2026-08-25 13:04:50.974 INFO  [http-nio-3001-exec-3] [6a74b8ffbbb0449bad56a4eea18aac5d] o.e.springboot.aspect.LogAspect - http_access method=GET path=/api/tour/page status=200 durationMs=17 ip=127.0.0.1 operation=TourController.getToursByPage userAgent=Mozilla/5.0 (Windows NT 10.0; Win64; x64) AppleWebKit/537.36 (KHTML, like Gecko) Chrome/151.0.0.0 Safari/537.36
2026-08-25 13:04:50.979 INFO  [http-nio-3001-exec-10] [0efd880c52c04c499fac15b38ec31ddc] o.e.springboot.aspect.LogAspect - http_access method=GET path=/api/tour/filters status=200 durationMs=21 ip=127.0.0.1 operation=TourController.getTourFilters userAgent=Mozilla/5.0 (Windows NT 10.0; Win64; x64) AppleWebKit/537.36 (KHTML, like Gecko) Chrome/151.0.0.0 Safari/537.36
2026-08-25 13:04:51.214 INFO  [http-nio-3001-exec-4] [fc5ae5fc98e94b72998e0dc3117911d4] o.e.springboot.aspect.LogAspect - http_access method=GET path=/api/site/footer/public status=200 durationMs=8 ip=127.0.0.1 operation=SiteFooterConfigController.getPublicConfig userAgent=Mozilla/5.0 (Windows NT 10.0; Win64; x64) AppleWebKit/537.36 (KHTML, like Gecko) Chrome/151.0.0.0 Safari/537.36
2026-08-25 13:04:53.749 INFO  [http-nio-3001-exec-1] [b4f47fe723494771acf4120a954f2447] o.e.springboot.aspect.LogAspect - http_access method=GET path=/api/site/assets/public status=200 durationMs=4 ip=127.0.0.1 operation=SiteAssetConfigController.getPublicConfig userAgent=Mozilla/5.0 (Windows NT 10.0; Win64; x64) AppleWebKit/537.36 (KHTML, like Gecko) Chrome/151.0.0.0 Safari/537.36
2026-08-25 13:04:53.756 INFO  [http-nio-3001-exec-2] [93e1c81d061c4b30b3916dccdc9b08e7] o.e.springboot.aspect.LogAspect - http_access method=GET path=/api/site/access/public status=200 durationMs=8 ip=127.0.0.1 operation=SiteAccessConfigController.getPublicConfig userAgent=Mozilla/5.0 (Windows NT 10.0; Win64; x64) AppleWebKit/537.36 (KHTML, like Gecko) Chrome/151.0.0.0 Safari/537.36
2026-08-25 13:04:54.126 INFO  [http-nio-3001-exec-8] [4a413a2392ba445c9a7688ff93f1d37f] o.e.springboot.aspect.LogAspect - http_access method=GET path=/api/site/page-content/public/frontend-header status=200 durationMs=6 ip=127.0.0.1 operation=PageContentConfigController.getPublicContent userAgent=Mozilla/5.0 (Windows NT 10.0; Win64; x64) AppleWebKit/537.36 (KHTML, like Gecko) Chrome/151.0.0.0 Safari/537.36
2026-08-25 13:04:54.496 INFO  [http-nio-3001-exec-9] [fae1fdc72f074d55b87f6f294c9fd6ab] o.e.springboot.aspect.LogAspect - http_access method=GET path=/api/site/assets/public status=200 durationMs=3 ip=127.0.0.1 operation=SiteAssetConfigController.getPublicConfig userAgent=Mozilla/5.0 (Windows NT 10.0; Win64; x64) AppleWebKit/537.36 (KHTML, like Gecko) Chrome/151.0.0.0 Safari/537.36
2026-08-25 13:04:54.529 INFO  [http-nio-3001-exec-6] [9346b3183beb4722b07078b923215f97] o.e.springboot.aspect.LogAspect - http_access method=GET path=/api/tour/miniapp-dG91ci0xMDAy/detail status=200 durationMs=28 ip=127.0.0.1 operation=TourController.getTourDetail userAgent=Mozilla/5.0 (Windows NT 10.0; Win64; x64) AppleWebKit/537.36 (KHTML, like Gecko) Chrome/151.0.0.0 Safari/537.36
2026-08-25 13:04:54.604 INFO  [http-nio-3001-exec-5] [5e1a903151e1404695f69e401d1daf04] o.e.springboot.aspect.LogAspect - http_access method=GET path=/api/site/footer/public status=200 durationMs=5 ip=127.0.0.1 operation=SiteFooterConfigController.getPublicConfig userAgent=Mozilla/5.0 (Windows NT 10.0; Win64; x64) AppleWebKit/537.36 (KHTML, like Gecko) Chrome/151.0.0.0 Safari/537.36
2026-08-25 13:05:08.095 INFO  [http-nio-3001-exec-8] [3e89c58d4455455bb4c8256ae81d13f4] o.e.springboot.aspect.LogAspect - http_access method=GET path=/api/site/assets/public status=200 durationMs=8 ip=127.0.0.1 operation=SiteAssetConfigController.getPublicConfig userAgent=Mozilla/5.0 (Windows NT 10.0; Win64; x64) AppleWebKit/537.36 (KHTML, like Gecko) Chrome/151.0.0.0 Safari/537.36
2026-08-25 13:05:08.111 INFO  [http-nio-3001-exec-9] [03f10a02bd034a469b8aba8d09c00aed] o.e.springboot.aspect.LogAspect - http_access method=GET path=/api/site/access/public status=200 durationMs=10 ip=127.0.0.1 operation=SiteAccessConfigController.getPublicConfig userAgent=Mozilla/5.0 (Windows NT 10.0; Win64; x64) AppleWebKit/537.36 (KHTML, like Gecko) Chrome/151.0.0.0 Safari/537.36
2026-08-25 13:05:08.570 INFO  [http-nio-3001-exec-5] [2599983cf11743c1877673342e142abc] o.e.springboot.aspect.LogAspect - http_access method=GET path=/api/tour/hot-keywords status=200 durationMs=40 ip=127.0.0.1 operation=TourController.getHotKeywords userAgent=Mozilla/5.0 (Windows NT 10.0; Win64; x64) AppleWebKit/537.36 (KHTML, like Gecko) Chrome/151.0.0.0 Safari/537.36
2026-08-25 13:05:08.581 INFO  [http-nio-3001-exec-2] [ba98b5e99c294319bac6c2d4b60115e5] o.e.springboot.aspect.LogAspect - http_access method=GET path=/api/tour/filters status=200 durationMs=50 ip=127.0.0.1 operation=TourController.getTourFilters userAgent=Mozilla/5.0 (Windows NT 10.0; Win64; x64) AppleWebKit/537.36 (KHTML, like Gecko) Chrome/151.0.0.0 Safari/537.36
2026-08-25 13:05:08.841 INFO  [http-nio-3001-exec-7] [d00c971aa013432e87967f40ab8d9bec] o.e.springboot.aspect.LogAspect - http_access method=GET path=/api/site/assets/public status=200 durationMs=4 ip=127.0.0.1 operation=SiteAssetConfigController.getPublicConfig userAgent=Mozilla/5.0 (Windows NT 10.0; Win64; x64) AppleWebKit/537.36 (KHTML, like Gecko) Chrome/151.0.0.0 Safari/537.36
2026-08-25 13:05:08.853 INFO  [http-nio-3001-exec-10] [860a92987dc845b7a733177910e38834] o.e.springboot.aspect.LogAspect - http_access method=GET path=/api/site/page-content/public/frontend-header status=200 durationMs=5 ip=127.0.0.1 operation=PageContentConfigController.getPublicContent userAgent=Mozilla/5.0 (Windows NT 10.0; Win64; x64) AppleWebKit/537.36 (KHTML, like Gecko) Chrome/151.0.0.0 Safari/537.36
2026-08-25 13:05:08.974 INFO  [http-nio-3001-exec-4] [506ec3147649413185d1b0a8de9be1ac] o.e.springboot.aspect.LogAspect - http_access method=GET path=/api/tour/filters status=200 durationMs=11 ip=127.0.0.1 operation=TourController.getTourFilters userAgent=Mozilla/5.0 (Windows NT 10.0; Win64; x64) AppleWebKit/537.36 (KHTML, like Gecko) Chrome/151.0.0.0 Safari/537.36
2026-08-25 13:05:08.984 INFO  [http-nio-3001-exec-1] [f16e0fb618234b79933e7432217a820d] o.e.springboot.aspect.LogAspect - http_access method=GET path=/api/tour/page status=200 durationMs=13 ip=127.0.0.1 operation=TourController.getToursByPage userAgent=Mozilla/5.0 (Windows NT 10.0; Win64; x64) AppleWebKit/537.36 (KHTML, like Gecko) Chrome/151.0.0.0 Safari/537.36
2026-08-25 13:05:09.179 INFO  [http-nio-3001-exec-3] [9b39752fa42b4e2b9f2334301a75771d] o.e.springboot.aspect.LogAspect - http_access method=GET path=/api/site/footer/public status=200 durationMs=6 ip=127.0.0.1 operation=SiteFooterConfigController.getPublicConfig userAgent=Mozilla/5.0 (Windows NT 10.0; Win64; x64) AppleWebKit/537.36 (KHTML, like Gecko) Chrome/151.0.0.0 Safari/537.36
2026-08-25 13:08:05.598 INFO  [http-nio-3001-exec-10] [afca1aebfe2c4384974ae5415a02522e] o.e.springboot.aspect.LogAspect - http_access method=GET path=/api/tour/hot-keywords status=200 durationMs=41 ip=127.0.0.1 operation=TourController.getHotKeywords userAgent=Mozilla/5.0 (Windows NT 10.0; Win64; x64) AppleWebKit/537.36 (KHTML, like Gecko) Chrome/151.0.0.0 Safari/537.36
2026-08-25 13:08:05.702 INFO  [http-nio-3001-exec-4] [4da4d544b9354b7ab269241b3182ec73] o.e.springboot.aspect.LogAspect - http_access method=GET path=/api/tour/filters status=200 durationMs=11 ip=127.0.0.1 operation=TourController.getTourFilters userAgent=Mozilla/5.0 (Windows NT 10.0; Win64; x64) AppleWebKit/537.36 (KHTML, like Gecko) Chrome/151.0.0.0 Safari/537.36
2026-08-25 13:08:05.794 INFO  [http-nio-3001-exec-1] [9eaa6918af0f4831ac0eb7bdaf790c8e] o.e.springboot.aspect.LogAspect - http_access method=GET path=/api/tour/hot-keywords status=200 durationMs=10 ip=127.0.0.1 operation=TourController.getHotKeywords userAgent=Mozilla/5.0 (Windows NT 10.0; Win64; x64) AppleWebKit/537.36 (KHTML, like Gecko) Chrome/151.0.0.0 Safari/537.36
2026-08-25 13:08:05.804 INFO  [http-nio-3001-exec-3] [2306bcc042b040e8b51ab8a867f48a94] o.e.springboot.aspect.LogAspect - http_access method=GET path=/api/tour/filters status=200 durationMs=17 ip=127.0.0.1 operation=TourController.getTourFilters userAgent=Mozilla/5.0 (Windows NT 10.0; Win64; x64) AppleWebKit/537.36 (KHTML, like Gecko) Chrome/151.0.0.0 Safari/537.36
2026-08-25 13:08:05.809 INFO  [http-nio-3001-exec-7] [54da246e0c9a464c84fbe92b11353edc] o.e.springboot.aspect.LogAspect - http_access method=GET path=/api/tour/filters status=200 durationMs=16 ip=127.0.0.1 operation=TourController.getTourFilters userAgent=Mozilla/5.0 (Windows NT 10.0; Win64; x64) AppleWebKit/537.36 (KHTML, like Gecko) Chrome/151.0.0.0 Safari/537.36
2026-08-25 13:08:05.845 INFO  [http-nio-3001-exec-2] [cccab3b8692149dfb4c7d646d453b672] o.e.springboot.aspect.LogAspect - http_access method=GET path=/api/tour/page status=200 durationMs=12 ip=127.0.0.1 operation=TourController.getToursByPage userAgent=Mozilla/5.0 (Windows NT 10.0; Win64; x64) AppleWebKit/537.36 (KHTML, like Gecko) Chrome/151.0.0.0 Safari/537.36
2026-08-25 13:08:05.994 INFO  [http-nio-3001-exec-5] [123f6cf76af64c169737777ce52b71ab] o.e.springboot.aspect.LogAspect - http_access method=GET path=/api/tour/filters status=200 durationMs=12 ip=127.0.0.1 operation=TourController.getTourFilters userAgent=Mozilla/5.0 (Windows NT 10.0; Win64; x64) AppleWebKit/537.36 (KHTML, like Gecko) Chrome/151.0.0.0 Safari/537.36
2026-08-25 13:08:06.065 INFO  [http-nio-3001-exec-6] [1a40d8bc6b04429a98bc411f1a4b45ca] o.e.springboot.aspect.LogAspect - http_access method=GET path=/api/tour/page status=200 durationMs=11 ip=127.0.0.1 operation=TourController.getToursByPage userAgent=Mozilla/5.0 (Windows NT 10.0; Win64; x64) AppleWebKit/537.36 (KHTML, like Gecko) Chrome/151.0.0.0 Safari/537.36
2026-08-25 13:08:12.456 INFO  [http-nio-3001-exec-9] [9f4be60eea6849bbad8753a3d591bb98] o.e.springboot.aspect.LogAspect - http_access method=GET path=/api/tour/hot-keywords status=200 durationMs=7 ip=127.0.0.1 operation=TourController.getHotKeywords userAgent=Mozilla/5.0 (Windows NT 10.0; Win64; x64) AppleWebKit/537.36 (KHTML, like Gecko) Chrome/151.0.0.0 Safari/537.36
2026-08-25 13:08:12.468 INFO  [http-nio-3001-exec-8] [cbdceed7246b47979a338bddb196297e] o.e.springboot.aspect.LogAspect - http_access method=GET path=/api/tour/filters status=200 durationMs=14 ip=127.0.0.1 operation=TourController.getTourFilters userAgent=Mozilla/5.0 (Windows NT 10.0; Win64; x64) AppleWebKit/537.36 (KHTML, like Gecko) Chrome/151.0.0.0 Safari/537.36
2026-08-25 13:08:12.780 INFO  [http-nio-3001-exec-4] [9b7bba3735bf4589889424fd870b6d08] o.e.springboot.aspect.LogAspect - http_access method=GET path=/api/site/assets/public status=200 durationMs=6 ip=127.0.0.1 operation=SiteAssetConfigController.getPublicConfig userAgent=Mozilla/5.0 (Windows NT 10.0; Win64; x64) AppleWebKit/537.36 (KHTML, like Gecko) Chrome/151.0.0.0 Safari/537.36
2026-08-25 13:08:12.789 INFO  [http-nio-3001-exec-10] [0d7a99de50e84cc3830ee01198796e3d] o.e.springboot.aspect.LogAspect - http_access method=GET path=/api/site/page-content/public/frontend-header status=200 durationMs=3 ip=127.0.0.1 operation=PageContentConfigController.getPublicContent userAgent=Mozilla/5.0 (Windows NT 10.0; Win64; x64) AppleWebKit/537.36 (KHTML, like Gecko) Chrome/151.0.0.0 Safari/537.36
2026-08-25 13:08:12.854 INFO  [http-nio-3001-exec-1] [3d8fccdf0ef9433d96122b6d8121d5e0] o.e.springboot.aspect.LogAspect - http_access method=GET path=/api/tour/filters status=200 durationMs=7 ip=127.0.0.1 operation=TourController.getTourFilters userAgent=Mozilla/5.0 (Windows NT 10.0; Win64; x64) AppleWebKit/537.36 (KHTML, like Gecko) Chrome/151.0.0.0 Safari/537.36
2026-08-25 13:08:12.880 INFO  [http-nio-3001-exec-3] [5d14113be6974faa96b70efb44094556] o.e.springboot.aspect.LogAspect - http_access method=GET path=/api/tour/page status=200 durationMs=10 ip=127.0.0.1 operation=TourController.getToursByPage userAgent=Mozilla/5.0 (Windows NT 10.0; Win64; x64) AppleWebKit/537.36 (KHTML, like Gecko) Chrome/151.0.0.0 Safari/537.36
2026-08-25 13:08:12.973 INFO  [http-nio-3001-exec-7] [90ff76238ab248d6b26df36b8863898c] o.e.springboot.aspect.LogAspect - http_access method=GET path=/api/tour/hot-keywords status=200 durationMs=13 ip=127.0.0.1 operation=TourController.getHotKeywords userAgent=Mozilla/5.0 (Windows NT 10.0; Win64; x64) AppleWebKit/537.36 (KHTML, like Gecko) Chrome/151.0.0.0 Safari/537.36
2026-08-25 13:08:12.979 INFO  [http-nio-3001-exec-2] [13fda45492f44647a3cfd412e7500061] o.e.springboot.aspect.LogAspect - http_access method=GET path=/api/tour/filters status=200 durationMs=15 ip=127.0.0.1 operation=TourController.getTourFilters userAgent=Mozilla/5.0 (Windows NT 10.0; Win64; x64) AppleWebKit/537.36 (KHTML, like Gecko) Chrome/151.0.0.0 Safari/537.36
2026-08-25 13:08:13.120 INFO  [http-nio-3001-exec-6] [b2b618b489864df1b2f28c741f2c40f4] o.e.springboot.aspect.LogAspect - http_access method=GET path=/api/site/assets/public status=200 durationMs=4 ip=127.0.0.1 operation=SiteAssetConfigController.getPublicConfig userAgent=Mozilla/5.0 (Windows NT 10.0; Win64; x64) AppleWebKit/537.36 (KHTML, like Gecko) Chrome/151.0.0.0 Safari/537.36
2026-08-25 13:08:13.140 INFO  [http-nio-3001-exec-5] [321aa40e1c8e4834a160c72d202da28d] o.e.springboot.aspect.LogAspect - http_access method=GET path=/api/site/page-content/public/frontend-header status=200 durationMs=5 ip=127.0.0.1 operation=PageContentConfigController.getPublicContent userAgent=Mozilla/5.0 (Windows NT 10.0; Win64; x64) AppleWebKit/537.36 (KHTML, like Gecko) Chrome/151.0.0.0 Safari/537.36
2026-08-25 13:08:13.190 INFO  [http-nio-3001-exec-9] [adc790c8f31e4bee9c014ae95a00e79f] o.e.springboot.aspect.LogAspect - http_access method=GET path=/api/site/footer/public status=200 durationMs=4 ip=127.0.0.1 operation=SiteFooterConfigController.getPublicConfig userAgent=Mozilla/5.0 (Windows NT 10.0; Win64; x64) AppleWebKit/537.36 (KHTML, like Gecko) Chrome/151.0.0.0 Safari/537.36
2026-08-25 13:08:13.386 INFO  [http-nio-3001-exec-4] [f78e262b6ae5419fa0760d6cd917fec1] o.e.springboot.aspect.LogAspect - http_access method=GET path=/api/tour/page status=200 durationMs=13 ip=127.0.0.1 operation=TourController.getToursByPage userAgent=Mozilla/5.0 (Windows NT 10.0; Win64; x64) AppleWebKit/537.36 (KHTML, like Gecko) Chrome/151.0.0.0 Safari/537.36
2026-08-25 13:08:13.389 INFO  [http-nio-3001-exec-8] [9b4aa2e7db2548b8aa869049c51d6ab5] o.e.springboot.aspect.LogAspect - http_access method=GET path=/api/tour/filters status=200 durationMs=9 ip=127.0.0.1 operation=TourController.getTourFilters userAgent=Mozilla/5.0 (Windows NT 10.0; Win64; x64) AppleWebKit/537.36 (KHTML, like Gecko) Chrome/151.0.0.0 Safari/537.36
2026-08-25 13:08:13.473 INFO  [http-nio-3001-exec-10] [588113c2b09c4724a1595cd6aa56e733] o.e.springboot.aspect.LogAspect - http_access method=GET path=/api/site/footer/public status=200 durationMs=5 ip=127.0.0.1 operation=SiteFooterConfigController.getPublicConfig userAgent=Mozilla/5.0 (Windows NT 10.0; Win64; x64) AppleWebKit/537.36 (KHTML, like Gecko) Chrome/151.0.0.0 Safari/537.36
2026-08-25 13:08:17.171 INFO  [http-nio-3001-exec-9] [8282e625445845b38aa5081ef7b9c510] o.e.springboot.aspect.LogAspect - http_access method=GET path=/api/site/assets/public status=200 durationMs=3 ip=127.0.0.1 operation=SiteAssetConfigController.getPublicConfig userAgent=Mozilla/5.0 (Windows NT 10.0; Win64; x64) AppleWebKit/537.36 (KHTML, like Gecko) Chrome/151.0.0.0 Safari/537.36
2026-08-25 13:08:17.175 INFO  [http-nio-3001-exec-4] [328350a23e4243e180de1cf1da3c1960] o.e.springboot.aspect.LogAspect - http_access method=GET path=/api/site/access/public status=200 durationMs=7 ip=127.0.0.1 operation=SiteAccessConfigController.getPublicConfig userAgent=Mozilla/5.0 (Windows NT 10.0; Win64; x64) AppleWebKit/537.36 (KHTML, like Gecko) Chrome/151.0.0.0 Safari/537.36
2026-08-25 13:08:17.515 INFO  [http-nio-3001-exec-10] [a7e122e95bd742e5bb5ba4552f674460] o.e.springboot.aspect.LogAspect - http_access method=GET path=/api/tour/hot-keywords status=200 durationMs=8 ip=127.0.0.1 operation=TourController.getHotKeywords userAgent=Mozilla/5.0 (Windows NT 10.0; Win64; x64) AppleWebKit/537.36 (KHTML, like Gecko) Chrome/151.0.0.0 Safari/537.36
2026-08-25 13:08:17.785 INFO  [http-nio-3001-exec-3] [04ea1a3c8fa14ef8aa25563c6c06cfae] o.e.springboot.aspect.LogAspect - http_access method=GET path=/api/site/assets/public status=200 durationMs=3 ip=127.0.0.1 operation=SiteAssetConfigController.getPublicConfig userAgent=Mozilla/5.0 (Windows NT 10.0; Win64; x64) AppleWebKit/537.36 (KHTML, like Gecko) Chrome/151.0.0.0 Safari/537.36
2026-08-25 13:08:17.794 INFO  [http-nio-3001-exec-7] [79f48c54064c4c4fbe2e71e1c7ea28d5] o.e.springboot.aspect.LogAspect - http_access method=GET path=/api/site/page-content/public/frontend-header status=200 durationMs=5 ip=127.0.0.1 operation=PageContentConfigController.getPublicContent userAgent=Mozilla/5.0 (Windows NT 10.0; Win64; x64) AppleWebKit/537.36 (KHTML, like Gecko) Chrome/151.0.0.0 Safari/537.36
2026-08-25 13:08:17.795 INFO  [http-nio-3001-exec-1] [1741346bcaee4708a3beac7c878eb0d6] o.e.springboot.aspect.LogAspect - http_access method=GET path=/api/tour/filters status=200 durationMs=10 ip=127.0.0.1 operation=TourController.getTourFilters userAgent=Mozilla/5.0 (Windows NT 10.0; Win64; x64) AppleWebKit/537.36 (KHTML, like Gecko) Chrome/151.0.0.0 Safari/537.36
2026-08-25 13:08:17.821 INFO  [http-nio-3001-exec-6] [8f949a2021b348efa9fd82976dab0174] o.e.springboot.aspect.LogAspect - http_access method=GET path=/api/site/footer/public status=200 durationMs=6 ip=127.0.0.1 operation=SiteFooterConfigController.getPublicConfig userAgent=Mozilla/5.0 (Windows NT 10.0; Win64; x64) AppleWebKit/537.36 (KHTML, like Gecko) Chrome/151.0.0.0 Safari/537.36
2026-08-25 13:08:17.866 INFO  [http-nio-3001-exec-2] [ae66eb9e55864c64bd38a1df3be63788] o.e.springboot.aspect.LogAspect - http_access method=GET path=/api/tour/filters status=200 durationMs=11 ip=127.0.0.1 operation=TourController.getTourFilters userAgent=Mozilla/5.0 (Windows NT 10.0; Win64; x64) AppleWebKit/537.36 (KHTML, like Gecko) Chrome/151.0.0.0 Safari/537.36
2026-08-25 13:08:18.164 INFO  [http-nio-3001-exec-5] [e523fd5cf8804f2d8eb9b4d9d8ca0c84] o.e.springboot.aspect.LogAspect - http_access method=GET path=/api/tour/page status=200 durationMs=8 ip=127.0.0.1 operation=TourController.getToursByPage userAgent=Mozilla/5.0 (Windows NT 10.0; Win64; x64) AppleWebKit/537.36 (KHTML, like Gecko) Chrome/151.0.0.0 Safari/537.36
2026-08-25 13:09:42.303 INFO  [http-nio-3001-exec-1] [298887be144949fabff2340f38a4d2f7] o.e.springboot.aspect.LogAspect - http_access method=GET path=/api/tour/hot-keywords status=200 durationMs=49 ip=127.0.0.1 operation=TourController.getHotKeywords userAgent=Mozilla/5.0 (Windows NT 10.0; Win64; x64) AppleWebKit/537.36 (KHTML, like Gecko) Chrome/151.0.0.0 Safari/537.36
2026-08-25 13:09:42.306 INFO  [http-nio-3001-exec-2] [a8f1cd32b69c4fe1836b05a3be43f197] o.e.springboot.aspect.LogAspect - http_access method=GET path=/api/site/page-content/public/frontend-header status=200 durationMs=3 ip=127.0.0.1 operation=PageContentConfigController.getPublicContent userAgent=Mozilla/5.0 (Windows NT 10.0; Win64; x64) AppleWebKit/537.36 (KHTML, like Gecko) Chrome/151.0.0.0 Safari/537.36
2026-08-25 13:09:42.306 INFO  [http-nio-3001-exec-6] [0cf01ae4b1ef4fdab9d38914caf778e6] o.e.springboot.aspect.LogAspect - http_access method=GET path=/api/tour/filters status=200 durationMs=51 ip=127.0.0.1 operation=TourController.getTourFilters userAgent=Mozilla/5.0 (Windows NT 10.0; Win64; x64) AppleWebKit/537.36 (KHTML, like Gecko) Chrome/151.0.0.0 Safari/537.36
2026-08-25 13:09:42.316 INFO  [http-nio-3001-exec-5] [abd4fa7b071f471c8615dfdbafc84a20] o.e.springboot.aspect.LogAspect - http_access method=GET path=/api/site/assets/public status=200 durationMs=4 ip=127.0.0.1 operation=SiteAssetConfigController.getPublicConfig userAgent=Mozilla/5.0 (Windows NT 10.0; Win64; x64) AppleWebKit/537.36 (KHTML, like Gecko) Chrome/151.0.0.0 Safari/537.36
2026-08-25 13:09:42.415 INFO  [http-nio-3001-exec-10] [f9b5717e618d433ea3d785a1332edf74] o.e.springboot.aspect.LogAspect - http_access method=GET path=/api/tour/page status=200 durationMs=11 ip=127.0.0.1 operation=TourController.getToursByPage userAgent=Mozilla/5.0 (Windows NT 10.0; Win64; x64) AppleWebKit/537.36 (KHTML, like Gecko) Chrome/151.0.0.0 Safari/537.36
2026-08-25 13:09:42.420 INFO  [http-nio-3001-exec-3] [9ddaaaa6bbf34c99b27a4c71789352ae] o.e.springboot.aspect.LogAspect - http_access method=GET path=/api/tour/filters status=200 durationMs=16 ip=127.0.0.1 operation=TourController.getTourFilters userAgent=Mozilla/5.0 (Windows NT 10.0; Win64; x64) AppleWebKit/537.36 (KHTML, like Gecko) Chrome/151.0.0.0 Safari/537.36
2026-08-25 13:09:42.718 INFO  [http-nio-3001-exec-8] [97e0b162f49a4d3fabf12a90c54b6a81] o.e.springboot.aspect.LogAspect - http_access method=GET path=/api/site/footer/public status=200 durationMs=4 ip=127.0.0.1 operation=SiteFooterConfigController.getPublicConfig userAgent=Mozilla/5.0 (Windows NT 10.0; Win64; x64) AppleWebKit/537.36 (KHTML, like Gecko) Chrome/151.0.0.0 Safari/537.36
2026-08-25 13:09:42.892 INFO  [http-nio-3001-exec-1] [0679fffca9444bc887cea934b6bfd273] o.e.springboot.aspect.LogAspect - http_access method=GET path=/api/site/assets/public status=200 durationMs=3 ip=127.0.0.1 operation=SiteAssetConfigController.getPublicConfig userAgent=Mozilla/5.0 (Windows NT 10.0; Win64; x64) AppleWebKit/537.36 (KHTML, like Gecko) Chrome/151.0.0.0 Safari/537.36
2026-08-25 13:09:42.904 INFO  [http-nio-3001-exec-9] [6f99345864cd4a9fa43b0c964069aacf] o.e.springboot.aspect.LogAspect - http_access method=GET path=/api/tour/filters status=200 durationMs=18 ip=127.0.0.1 operation=TourController.getTourFilters userAgent=Mozilla/5.0 (Windows NT 10.0; Win64; x64) AppleWebKit/537.36 (KHTML, like Gecko) Chrome/151.0.0.0 Safari/537.36
2026-08-25 13:09:42.904 INFO  [http-nio-3001-exec-7] [b6a2d27b77e1427a91adfafd9fe8bd35] o.e.springboot.aspect.LogAspect - http_access method=GET path=/api/site/page-content/public/frontend-header status=200 durationMs=4 ip=127.0.0.1 operation=PageContentConfigController.getPublicContent userAgent=Mozilla/5.0 (Windows NT 10.0; Win64; x64) AppleWebKit/537.36 (KHTML, like Gecko) Chrome/151.0.0.0 Safari/537.36
2026-08-25 13:09:42.914 INFO  [http-nio-3001-exec-4] [09ba3f617fc4429ca9f8ca13711fd8ab] o.e.springboot.aspect.LogAspect - http_access method=GET path=/api/tour/hot-keywords status=200 durationMs=27 ip=127.0.0.1 operation=TourController.getHotKeywords userAgent=Mozilla/5.0 (Windows NT 10.0; Win64; x64) AppleWebKit/537.36 (KHTML, like Gecko) Chrome/151.0.0.0 Safari/537.36
2026-08-25 13:09:43.276 INFO  [http-nio-3001-exec-2] [5284d18203f34e1188d5be17eb81b6a5] o.e.springboot.aspect.LogAspect - http_access method=GET path=/api/site/footer/public status=200 durationMs=6 ip=127.0.0.1 operation=SiteFooterConfigController.getPublicConfig userAgent=Mozilla/5.0 (Windows NT 10.0; Win64; x64) AppleWebKit/537.36 (KHTML, like Gecko) Chrome/151.0.0.0 Safari/537.36
2026-08-25 13:09:43.335 INFO  [http-nio-3001-exec-6] [a7f42445eefd42d4ac5536dca9da0a7f] o.e.springboot.aspect.LogAspect - http_access method=GET path=/api/tour/filters status=200 durationMs=18 ip=127.0.0.1 operation=TourController.getTourFilters userAgent=Mozilla/5.0 (Windows NT 10.0; Win64; x64) AppleWebKit/537.36 (KHTML, like Gecko) Chrome/151.0.0.0 Safari/537.36
2026-08-25 13:09:43.340 INFO  [http-nio-3001-exec-5] [e1f64953934345139cc8fdf9622319f9] o.e.springboot.aspect.LogAspect - http_access method=GET path=/api/tour/page status=200 durationMs=23 ip=127.0.0.1 operation=TourController.getToursByPage userAgent=Mozilla/5.0 (Windows NT 10.0; Win64; x64) AppleWebKit/537.36 (KHTML, like Gecko) Chrome/151.0.0.0 Safari/537.36
2026-08-25 13:09:43.815 INFO  [http-nio-3001-exec-3] [60b5e686048349f98297b8aefee0af57] o.e.springboot.aspect.LogAspect - http_access method=GET path=/api/site/access/public status=200 durationMs=11 ip=127.0.0.1 operation=SiteAccessConfigController.getPublicConfig userAgent=Mozilla/5.0 (Windows NT 10.0; Win64; x64) AppleWebKit/537.36 (KHTML, like Gecko) Chrome/151.0.0.0 Safari/537.36
2026-08-25 13:09:43.819 INFO  [http-nio-3001-exec-10] [6321b3274ce14fcead17c87c1a7fe049] o.e.springboot.aspect.LogAspect - http_access method=GET path=/api/site/assets/public status=200 durationMs=13 ip=127.0.0.1 operation=SiteAssetConfigController.getPublicConfig userAgent=Mozilla/5.0 (Windows NT 10.0; Win64; x64) AppleWebKit/537.36 (KHTML, like Gecko) Chrome/151.0.0.0 Safari/537.36
2026-08-25 13:09:44.174 INFO  [http-nio-3001-exec-1] [76d974b217e44442a479f97856b073ce] o.e.springboot.aspect.LogAspect - http_access method=GET path=/api/tour/hot-keywords status=200 durationMs=11 ip=127.0.0.1 operation=TourController.getHotKeywords userAgent=Mozilla/5.0 (Windows NT 10.0; Win64; x64) AppleWebKit/537.36 (KHTML, like Gecko) Chrome/151.0.0.0 Safari/537.36
2026-08-25 13:09:44.482 INFO  [http-nio-3001-exec-4] [244aba9c67204df49ed7d44faf23158f] o.e.springboot.aspect.LogAspect - http_access method=GET path=/api/site/assets/public status=200 durationMs=3 ip=127.0.0.1 operation=SiteAssetConfigController.getPublicConfig userAgent=Mozilla/5.0 (Windows NT 10.0; Win64; x64) AppleWebKit/537.36 (KHTML, like Gecko) Chrome/151.0.0.0 Safari/537.36
2026-08-25 13:09:44.486 INFO  [http-nio-3001-exec-9] [b2730072a00b4d0ab82602dac4cbbeb6] o.e.springboot.aspect.LogAspect - http_access method=GET path=/api/tour/filters status=200 durationMs=7 ip=127.0.0.1 operation=TourController.getTourFilters userAgent=Mozilla/5.0 (Windows NT 10.0; Win64; x64) AppleWebKit/537.36 (KHTML, like Gecko) Chrome/151.0.0.0 Safari/537.36
2026-08-25 13:09:44.495 INFO  [http-nio-3001-exec-7] [40c610b3299542269e2d60f6902ba39a] o.e.springboot.aspect.LogAspect - http_access method=GET path=/api/site/page-content/public/frontend-header status=200 durationMs=6 ip=127.0.0.1 operation=PageContentConfigController.getPublicContent userAgent=Mozilla/5.0 (Windows NT 10.0; Win64; x64) AppleWebKit/537.36 (KHTML, like Gecko) Chrome/151.0.0.0 Safari/537.36
2026-08-25 13:09:44.535 INFO  [http-nio-3001-exec-2] [52882a8fc22f44daa4089f17bc58e13a] o.e.springboot.aspect.LogAspect - http_access method=GET path=/api/site/footer/public status=200 durationMs=6 ip=127.0.0.1 operation=SiteFooterConfigController.getPublicConfig userAgent=Mozilla/5.0 (Windows NT 10.0; Win64; x64) AppleWebKit/537.36 (KHTML, like Gecko) Chrome/151.0.0.0 Safari/537.36
2026-08-25 13:09:44.866 INFO  [http-nio-3001-exec-6] [6a21f64a9e7c4dbea15705fa7d57e2a5] o.e.springboot.aspect.LogAspect - http_access method=GET path=/api/tour/filters status=200 durationMs=10 ip=127.0.0.1 operation=TourController.getTourFilters userAgent=Mozilla/5.0 (Windows NT 10.0; Win64; x64) AppleWebKit/537.36 (KHTML, like Gecko) Chrome/151.0.0.0 Safari/537.36
2026-08-25 13:09:44.869 INFO  [http-nio-3001-exec-5] [6ccf837fcda1431ebc3925ba4158869f] o.e.springboot.aspect.LogAspect - http_access method=GET path=/api/tour/page status=200 durationMs=13 ip=127.0.0.1 operation=TourController.getToursByPage userAgent=Mozilla/5.0 (Windows NT 10.0; Win64; x64) AppleWebKit/537.36 (KHTML, like Gecko) Chrome/151.0.0.0 Safari/537.36
2026-08-25 13:10:21.072 INFO  [http-nio-3001-exec-7] [2edb3c9a48784d45a520de02270d4407] o.e.springboot.aspect.LogAspect - http_access method=GET path=/api/tour/hot-keywords status=200 durationMs=20 ip=127.0.0.1 operation=TourController.getHotKeywords userAgent=Mozilla/5.0 (Windows NT 10.0; Win64; x64) AppleWebKit/537.36 (KHTML, like Gecko) Chrome/151.0.0.0 Safari/537.36
2026-08-25 13:10:21.096 INFO  [http-nio-3001-exec-2] [f1f7a0b79c064b83a72f98225925a76e] o.e.springboot.aspect.LogAspect - http_access method=GET path=/api/tour/filters status=200 durationMs=8 ip=127.0.0.1 operation=TourController.getTourFilters userAgent=Mozilla/5.0 (Windows NT 10.0; Win64; x64) AppleWebKit/537.36 (KHTML, like Gecko) Chrome/151.0.0.0 Safari/537.36
2026-08-25 13:10:21.136 INFO  [http-nio-3001-exec-5] [31e04e6fdf2b4d0eb4f3525f64e76e3c] o.e.springboot.aspect.LogAspect - http_access method=GET path=/api/site/assets/public status=200 durationMs=7 ip=127.0.0.1 operation=SiteAssetConfigController.getPublicConfig userAgent=Mozilla/5.0 (Windows NT 10.0; Win64; x64) AppleWebKit/537.36 (KHTML, like Gecko) Chrome/151.0.0.0 Safari/537.36
2026-08-25 13:10:21.145 INFO  [http-nio-3001-exec-6] [bda2a399df304fc3aab54f3376934457] o.e.springboot.aspect.LogAspect - http_access method=GET path=/api/site/page-content/public/frontend-header status=200 durationMs=4 ip=127.0.0.1 operation=PageContentConfigController.getPublicContent userAgent=Mozilla/5.0 (Windows NT 10.0; Win64; x64) AppleWebKit/537.36 (KHTML, like Gecko) Chrome/151.0.0.0 Safari/537.36
2026-08-25 13:10:21.149 INFO  [http-nio-3001-exec-10] [1629ee00c4c84866908e75b7fa9cb477] o.e.springboot.aspect.LogAspect - http_access method=GET path=/api/tour/filters status=200 durationMs=8 ip=127.0.0.1 operation=TourController.getTourFilters userAgent=Mozilla/5.0 (Windows NT 10.0; Win64; x64) AppleWebKit/537.36 (KHTML, like Gecko) Chrome/151.0.0.0 Safari/537.36
2026-08-25 13:10:21.172 INFO  [http-nio-3001-exec-3] [888c1799f2444629b6a779ad5948c74c] o.e.springboot.aspect.LogAspect - http_access method=GET path=/api/tour/page status=200 durationMs=6 ip=127.0.0.1 operation=TourController.getToursByPage userAgent=Mozilla/5.0 (Windows NT 10.0; Win64; x64) AppleWebKit/537.36 (KHTML, like Gecko) Chrome/151.0.0.0 Safari/537.36
2026-08-25 13:10:21.438 INFO  [http-nio-3001-exec-1] [da93db4ddbb645afb805cb7b2cb8d163] o.e.springboot.aspect.LogAspect - http_access method=GET path=/api/site/footer/public status=200 durationMs=4 ip=127.0.0.1 operation=SiteFooterConfigController.getPublicConfig userAgent=Mozilla/5.0 (Windows NT 10.0; Win64; x64) AppleWebKit/537.36 (KHTML, like Gecko) Chrome/151.0.0.0 Safari/537.36
2026-08-25 13:10:21.444 INFO  [http-nio-3001-exec-8] [1bf73f05ffa94d259e858cb4a438a163] o.e.springboot.aspect.LogAspect - http_access method=GET path=/api/tour/hot-keywords status=200 durationMs=10 ip=127.0.0.1 operation=TourController.getHotKeywords userAgent=Mozilla/5.0 (Windows NT 10.0; Win64; x64) AppleWebKit/537.36 (KHTML, like Gecko) Chrome/151.0.0.0 Safari/537.36
2026-08-25 13:10:21.473 INFO  [http-nio-3001-exec-4] [12b252038b744fa2908a2ef28a2e2387] o.e.springboot.aspect.LogAspect - http_access method=GET path=/api/tour/filters status=200 durationMs=6 ip=127.0.0.1 operation=TourController.getTourFilters userAgent=Mozilla/5.0 (Windows NT 10.0; Win64; x64) AppleWebKit/537.36 (KHTML, like Gecko) Chrome/151.0.0.0 Safari/537.36
2026-08-25 13:10:21.503 INFO  [http-nio-3001-exec-7] [c857528523ba4506bdebd42fe0263e1b] o.e.springboot.aspect.LogAspect - http_access method=GET path=/api/site/assets/public status=200 durationMs=3 ip=127.0.0.1 operation=SiteAssetConfigController.getPublicConfig userAgent=Mozilla/5.0 (Windows NT 10.0; Win64; x64) AppleWebKit/537.36 (KHTML, like Gecko) Chrome/151.0.0.0 Safari/537.36
2026-08-25 13:10:21.516 INFO  [http-nio-3001-exec-9] [a650c9b154fa4197a934aa298c222236] o.e.springboot.aspect.LogAspect - http_access method=GET path=/api/site/page-content/public/frontend-header status=200 durationMs=6 ip=127.0.0.1 operation=PageContentConfigController.getPublicContent userAgent=Mozilla/5.0 (Windows NT 10.0; Win64; x64) AppleWebKit/537.36 (KHTML, like Gecko) Chrome/151.0.0.0 Safari/537.36
2026-08-25 13:10:21.845 INFO  [http-nio-3001-exec-6] [1616c86e5bd246ca926eafa8b2a43ee6] o.e.springboot.aspect.LogAspect - http_access method=GET path=/api/site/footer/public status=200 durationMs=4 ip=127.0.0.1 operation=SiteFooterConfigController.getPublicConfig userAgent=Mozilla/5.0 (Windows NT 10.0; Win64; x64) AppleWebKit/537.36 (KHTML, like Gecko) Chrome/151.0.0.0 Safari/537.36
2026-08-25 13:10:21.850 INFO  [http-nio-3001-exec-2] [e1f741dde69e4a558c9233366b172d5b] o.e.springboot.aspect.LogAspect - http_access method=GET path=/api/tour/filters status=200 durationMs=10 ip=127.0.0.1 operation=TourController.getTourFilters userAgent=Mozilla/5.0 (Windows NT 10.0; Win64; x64) AppleWebKit/537.36 (KHTML, like Gecko) Chrome/151.0.0.0 Safari/537.36
2026-08-25 13:10:21.852 INFO  [http-nio-3001-exec-5] [e17a21fee6b046a58173c4bffd324e38] o.e.springboot.aspect.LogAspect - http_access method=GET path=/api/tour/page status=200 durationMs=9 ip=127.0.0.1 operation=TourController.getToursByPage userAgent=Mozilla/5.0 (Windows NT 10.0; Win64; x64) AppleWebKit/537.36 (KHTML, like Gecko) Chrome/151.0.0.0 Safari/537.36
2026-08-25 13:10:26.703 INFO  [http-nio-3001-exec-10] [3be3287d7ed74b828c9813503eefa5c9] o.e.springboot.aspect.LogAspect - http_access method=GET path=/api/site/assets/public status=200 durationMs=3 ip=127.0.0.1 operation=SiteAssetConfigController.getPublicConfig userAgent=Mozilla/5.0 (Windows NT 10.0; Win64; x64) AppleWebKit/537.36 (KHTML, like Gecko) Chrome/151.0.0.0 Safari/537.36
2026-08-25 13:10:26.714 INFO  [http-nio-3001-exec-3] [508b9697cd1d4a3d94b7f7d0afad3274] o.e.springboot.aspect.LogAspect - http_access method=GET path=/api/site/access/public status=200 durationMs=11 ip=127.0.0.1 operation=SiteAccessConfigController.getPublicConfig userAgent=Mozilla/5.0 (Windows NT 10.0; Win64; x64) AppleWebKit/537.36 (KHTML, like Gecko) Chrome/151.0.0.0 Safari/537.36
2026-08-25 13:10:27.035 INFO  [http-nio-3001-exec-1] [d704ec9b3a0246abb12511de743382e5] o.e.springboot.aspect.LogAspect - http_access method=GET path=/api/tour/hot-keywords status=200 durationMs=12 ip=127.0.0.1 operation=TourController.getHotKeywords userAgent=Mozilla/5.0 (Windows NT 10.0; Win64; x64) AppleWebKit/537.36 (KHTML, like Gecko) Chrome/151.0.0.0 Safari/537.36
2026-08-25 13:10:27.333 INFO  [http-nio-3001-exec-9] [d3d956000d9d45259f6b9496b9705e45] o.e.springboot.aspect.LogAspect - http_access method=GET path=/api/site/assets/public status=200 durationMs=3 ip=127.0.0.1 operation=SiteAssetConfigController.getPublicConfig userAgent=Mozilla/5.0 (Windows NT 10.0; Win64; x64) AppleWebKit/537.36 (KHTML, like Gecko) Chrome/151.0.0.0 Safari/537.36
2026-08-25 13:10:27.338 INFO  [http-nio-3001-exec-4] [960e2a3b65a14f9fa14bd29cb6ca1db5] o.e.springboot.aspect.LogAspect - http_access method=GET path=/api/tour/filters status=200 durationMs=5 ip=127.0.0.1 operation=TourController.getTourFilters userAgent=Mozilla/5.0 (Windows NT 10.0; Win64; x64) AppleWebKit/537.36 (KHTML, like Gecko) Chrome/151.0.0.0 Safari/537.36
2026-08-25 13:10:27.343 INFO  [http-nio-3001-exec-7] [47c1bdc14cdd450d92be70ecaccba92e] o.e.springboot.aspect.LogAspect - http_access method=GET path=/api/site/page-content/public/frontend-header status=200 durationMs=4 ip=127.0.0.1 operation=PageContentConfigController.getPublicContent userAgent=Mozilla/5.0 (Windows NT 10.0; Win64; x64) AppleWebKit/537.36 (KHTML, like Gecko) Chrome/151.0.0.0 Safari/537.36
2026-08-25 13:10:27.432 INFO  [http-nio-3001-exec-6] [22cb8fc1322e4b70a53f3112ecbada04] o.e.springboot.aspect.LogAspect - http_access method=GET path=/api/site/footer/public status=200 durationMs=6 ip=127.0.0.1 operation=SiteFooterConfigController.getPublicConfig userAgent=Mozilla/5.0 (Windows NT 10.0; Win64; x64) AppleWebKit/537.36 (KHTML, like Gecko) Chrome/151.0.0.0 Safari/537.36
2026-08-25 13:10:27.795 INFO  [http-nio-3001-exec-2] [b94ac0b5fce54561ae1daecbd93e2925] o.e.springboot.aspect.LogAspect - http_access method=GET path=/api/tour/filters status=200 durationMs=9 ip=127.0.0.1 operation=TourController.getTourFilters userAgent=Mozilla/5.0 (Windows NT 10.0; Win64; x64) AppleWebKit/537.36 (KHTML, like Gecko) Chrome/151.0.0.0 Safari/537.36
2026-08-25 13:10:27.798 INFO  [http-nio-3001-exec-5] [9d36c4be5d0745faa9a36a6ab9f9be04] o.e.springboot.aspect.LogAspect - http_access method=GET path=/api/tour/page status=200 durationMs=13 ip=127.0.0.1 operation=TourController.getToursByPage userAgent=Mozilla/5.0 (Windows NT 10.0; Win64; x64) AppleWebKit/537.36 (KHTML, like Gecko) Chrome/151.0.0.0 Safari/537.36
2026-08-25 13:13:23.013 INFO  [SpringApplicationShutdownHook] [no-request] com.zaxxer.hikari.HikariDataSource - HikariPool-1 - Shutdown initiated...
2026-08-25 13:13:23.032 INFO  [SpringApplicationShutdownHook] [no-request] com.zaxxer.hikari.HikariDataSource - HikariPool-1 - Shutdown completed.
2026-08-25 13:13:55.754 INFO  [background-preinit] [no-request] o.h.validator.internal.util.Version - HV000001: Hibernate Validator 8.0.1.Final
2026-08-25 13:13:55.862 INFO  [main] [no-request] o.e.springboot.SpringbootApplication - Starting SpringbootApplication using Java 17.0.10 with PID 28168 (D:\code\learn\travel\springboot\target\classes started by 华硕 in D:\code\learn\travel\springboot)
2026-08-25 13:13:55.866 INFO  [main] [no-request] o.e.springboot.SpringbootApplication - No active profile set, falling back to 1 default profile: "default"
2026-08-25 13:13:59.137 INFO  [main] [no-request] o.s.d.r.c.RepositoryConfigurationDelegate - Multiple Spring Data modules found, entering strict repository configuration mode
2026-08-25 13:13:59.151 INFO  [main] [no-request] o.s.d.r.c.RepositoryConfigurationDelegate - Bootstrapping Spring Data Redis repositories in DEFAULT mode.
2026-08-25 13:13:59.284 INFO  [main] [no-request] o.s.d.r.c.RepositoryConfigurationDelegate - Finished Spring Data repository scanning in 77 ms. Found 0 Redis repository interfaces.
2026-08-25 13:14:02.242 INFO  [main] [no-request] o.s.b.w.e.tomcat.TomcatWebServer - Tomcat initialized with port 3001 (http)
2026-08-25 13:14:02.268 INFO  [main] [no-request] o.a.coyote.http11.Http11NioProtocol - Initializing ProtocolHandler ["http-nio-3001"]
2026-08-25 13:14:02.275 INFO  [main] [no-request] o.a.catalina.core.StandardService - Starting service [Tomcat]
2026-08-25 13:14:02.279 INFO  [main] [no-request] o.a.catalina.core.StandardEngine - Starting Servlet engine: [Apache Tomcat/10.1.16]
2026-08-25 13:14:02.531 INFO  [main] [no-request] o.a.c.c.C.[Tomcat].[localhost].[/] - Initializing Spring embedded WebApplicationContext
2026-08-25 13:14:02.531 INFO  [main] [no-request] o.s.b.w.s.c.ServletWebServerApplicationContext - Root WebApplicationContext: initialization completed in 6532 ms
2026-08-25 13:14:05.239 INFO  [main] [no-request] com.zaxxer.hikari.HikariDataSource - HikariPool-1 - Starting...
2026-08-25 13:14:05.615 INFO  [main] [no-request] com.zaxxer.hikari.pool.HikariPool - HikariPool-1 - Added connection com.mysql.cj.jdbc.ConnectionImpl@3ccefe1b
2026-08-25 13:14:05.617 INFO  [main] [no-request] com.zaxxer.hikari.HikariDataSource - HikariPool-1 - Start completed.
2026-08-25 13:14:11.769 INFO  [main] [no-request] o.e.s.service.PaymentConfigService - 注册支付策略: alipay - 支付宝
2026-08-25 13:14:13.021 INFO  [main] [no-request] o.e.s.service.TourOrderAlipayService - 注册支付策略: alipay - 支付宝
2026-08-25 13:14:16.600 INFO  [main] [no-request] o.s.s.web.DefaultSecurityFilterChain - Will secure any request with [org.springframework.security.web.session.DisableEncodeUrlFilter@193c810, org.springframework.security.web.context.request.async.WebAsyncManagerIntegrationFilter@1ef7e4c7, org.springframework.security.web.context.SecurityContextHolderFilter@4a7427f9, org.springframework.security.web.header.HeaderWriterFilter@73158d35, org.springframework.web.filter.CorsFilter@14b26e90, org.springframework.security.web.authentication.logout.LogoutFilter@609edb55, org.springframework.security.web.savedrequest.RequestCacheAwareFilter@5418a659, org.springframework.security.web.servletapi.SecurityContextHolderAwareRequestFilter@46067a74, org.springframework.security.web.authentication.AnonymousAuthenticationFilter@57edfa89, org.springframework.security.web.access.ExceptionTranslationFilter@5cef5fc9, org.springframework.security.web.access.intercept.AuthorizationFilter@44a1ae4e]
2026-08-25 13:14:18.436 INFO  [main] [no-request] o.a.coyote.http11.Http11NioProtocol - Starting ProtocolHandler ["http-nio-3001"]
2026-08-25 13:14:18.493 INFO  [main] [no-request] o.s.b.w.e.tomcat.TomcatWebServer - Tomcat started on port 3001 (http) with context path ''
2026-08-25 13:14:18.522 INFO  [main] [no-request] o.e.springboot.SpringbootApplication - Started SpringbootApplication in 23.982 seconds (process running for 25.264)
2026-08-25 13:14:18.563 INFO  [main] [no-request] o.e.s.config.SuperAdminBootstrap - SUPER_ADMIN account already exists. Bootstrap skipped. userId=1
2026-08-25 13:14:57.468 INFO  [http-nio-3001-exec-1] [no-request] o.a.c.c.C.[Tomcat].[localhost].[/] - Initializing Spring DispatcherServlet 'dispatcherServlet'
2026-08-25 13:14:57.470 INFO  [http-nio-3001-exec-1] [no-request] o.s.web.servlet.DispatcherServlet - Initializing Servlet 'dispatcherServlet'
2026-08-25 13:14:57.474 INFO  [http-nio-3001-exec-1] [no-request] o.s.web.servlet.DispatcherServlet - Completed initialization in 4 ms
2026-08-25 13:14:57.522 WARN  [http-nio-3001-exec-1] [7da677893bf14da7b0738c27e282fe1e] o.s.w.s.h.HandlerMappingIntrospector - Cache miss for REQUEST dispatch to '/api/tour/miniapp-dG91ci0xMDAy/detail' (previous null). Performing MatchableHandlerMapping lookup. This is logged once only at WARN level, and every time at TRACE.
2026-08-25 13:14:57.684 WARN  [http-nio-3001-exec-1] [7da677893bf14da7b0738c27e282fe1e] o.a.c.util.SessionIdGeneratorBase - Creation of SecureRandom instance for session ID generation using [SHA1PRNG] took [113] milliseconds.
2026-08-25 13:14:58.294 INFO  [http-nio-3001-exec-1] [7da677893bf14da7b0738c27e282fe1e] o.e.springboot.aspect.LogAspect - http_access method=GET path=/api/tour/miniapp-dG91ci0xMDAy/detail status=200 durationMs=541 ip=127.0.0.1 operation=TourController.getTourDetail userAgent=Mozilla/5.0 (Windows NT 10.0; Microsoft Windows 10.0.22631; zh-CN) PowerShell/7.6.4
2026-08-25 13:14:58.721 INFO  [http-nio-3001-exec-3] [23a18fd3af474b41bac47710d7aaf761] o.e.springboot.aspect.LogAspect - http_access method=GET path=/api/tour/page status=200 durationMs=33 ip=127.0.0.1 operation=TourController.getToursByPage userAgent=Mozilla/5.0 (Windows NT 10.0; Microsoft Windows 10.0.22631; zh-CN) PowerShell/7.6.4
2026-08-25 13:15:09.187 INFO  [http-nio-3001-exec-5] [2126915fea344e3eaa145be8c7e6f81e] o.e.springboot.aspect.LogAspect - http_access method=GET path=/api/tour/miniapp-dG91ci0xMDAy/detail status=200 durationMs=18 ip=127.0.0.1 operation=TourController.getTourDetail userAgent=Mozilla/5.0 (Windows NT 10.0; Microsoft Windows 10.0.22631; zh-CN) PowerShell/7.6.4
2026-08-25 13:15:18.557 INFO  [http-nio-3001-exec-7] [b76cc48335a44b83a9c7e7ebcf906ff6] o.e.springboot.aspect.LogAspect - http_access method=GET path=/api/tour/miniapp-dG91ci0xMDAy/detail status=200 durationMs=14 ip=127.0.0.1 operation=TourController.getTourDetail userAgent=Mozilla/5.0 (Windows NT 10.0; Microsoft Windows 10.0.22631; zh-CN) PowerShell/7.6.4
2026-08-25 13:17:07.002 INFO  [http-nio-3001-exec-9] [1dbeac7a21754405897f6ad54e3ea823] o.e.springboot.aspect.LogAspect - http_access method=GET path=/api/site/assets/public status=200 durationMs=29 ip=127.0.0.1 operation=SiteAssetConfigController.getPublicConfig userAgent=Mozilla/5.0 (Windows NT 10.0; Win64; x64) AppleWebKit/537.36 (KHTML, like Gecko) Chrome/151.0.0.0 Safari/537.36
2026-08-25 13:17:07.031 INFO  [http-nio-3001-exec-10] [9c6e006dc539425e9cc13a9567dcd131] o.e.springboot.aspect.LogAspect - http_access method=GET path=/api/site/access/public status=200 durationMs=60 ip=127.0.0.1 operation=SiteAccessConfigController.getPublicConfig userAgent=Mozilla/5.0 (Windows NT 10.0; Win64; x64) AppleWebKit/537.36 (KHTML, like Gecko) Chrome/151.0.0.0 Safari/537.36
2026-08-25 13:17:34.857 INFO  [http-nio-3001-exec-1] [57df47041962423aa15eccb8fe2fd2b1] o.e.springboot.aspect.LogAspect - http_access method=GET path=/api/site/assets/public status=200 durationMs=4 ip=127.0.0.1 operation=SiteAssetConfigController.getPublicConfig userAgent=Mozilla/5.0 (Windows NT 10.0; Win64; x64) AppleWebKit/537.36 (KHTML, like Gecko) Chrome/151.0.0.0 Safari/537.36
2026-08-25 13:17:34.901 INFO  [http-nio-3001-exec-2] [99e0b9d95ddc4af5bf00c8065bf66678] o.e.springboot.aspect.LogAspect - http_access method=GET path=/api/site/access/public status=200 durationMs=35 ip=127.0.0.1 operation=SiteAccessConfigController.getPublicConfig userAgent=Mozilla/5.0 (Windows NT 10.0; Win64; x64) AppleWebKit/537.36 (KHTML, like Gecko) Chrome/151.0.0.0 Safari/537.36
2026-08-25 13:17:34.965 INFO  [http-nio-3001-exec-3] [2dbb571ed21e4cb493ad8d32653b7487] o.e.springboot.aspect.LogAspect - http_access method=GET path=/api/site/access/public status=200 durationMs=12 ip=127.0.0.1 operation=SiteAccessConfigController.getPublicConfig userAgent=Mozilla/5.0 (Windows NT 10.0; Win64; x64) AppleWebKit/537.36 (KHTML, like Gecko) Chrome/151.0.0.0 Safari/537.36
2026-08-25 13:17:35.998 INFO  [http-nio-3001-exec-6] [cadb7d1206964051b1ea01ff4c86f96a] o.e.springboot.aspect.LogAspect - http_access method=GET path=/api/site/assets/public status=200 durationMs=9 ip=127.0.0.1 operation=SiteAssetConfigController.getPublicConfig userAgent=Mozilla/5.0 (Windows NT 10.0; Win64; x64) AppleWebKit/537.36 (KHTML, like Gecko) Chrome/151.0.0.0 Safari/537.36
2026-08-25 13:17:36.019 INFO  [http-nio-3001-exec-5] [25a81d40bca8470f9d3b0d1ff295e9ff] o.e.springboot.aspect.LogAspect - http_access method=GET path=/api/site/page-content/public/frontend-header status=200 durationMs=15 ip=127.0.0.1 operation=PageContentConfigController.getPublicContent userAgent=Mozilla/5.0 (Windows NT 10.0; Win64; x64) AppleWebKit/537.36 (KHTML, like Gecko) Chrome/151.0.0.0 Safari/537.36
2026-08-25 13:17:36.042 INFO  [http-nio-3001-exec-7] [80c90786ff6c46039f7440a34a2b702c] o.e.springboot.aspect.LogAspect - http_access method=GET path=/api/tour/miniapp-dG91ci0xMDAy/detail status=200 durationMs=35 ip=127.0.0.1 operation=TourController.getTourDetail userAgent=Mozilla/5.0 (Windows NT 10.0; Win64; x64) AppleWebKit/537.36 (KHTML, like Gecko) Chrome/151.0.0.0 Safari/537.36
2026-08-25 13:17:36.419 INFO  [http-nio-3001-exec-8] [9d5561bede5a4f65979c875a82dd8f34] o.e.springboot.aspect.LogAspect - http_access method=GET path=/api/site/footer/public status=200 durationMs=77 ip=127.0.0.1 operation=SiteFooterConfigController.getPublicConfig userAgent=Mozilla/5.0 (Windows NT 10.0; Win64; x64) AppleWebKit/537.36 (KHTML, like Gecko) Chrome/151.0.0.0 Safari/537.36
2026-08-25 13:17:56.120 INFO  [http-nio-3001-exec-6] [0666bdb2f45c460584ce6b156d193629] o.e.springboot.aspect.LogAspect - http_access method=GET path=/api/site/assets/public status=200 durationMs=3 ip=127.0.0.1 operation=SiteAssetConfigController.getPublicConfig userAgent=Mozilla/5.0 (Windows NT 10.0; Win64; x64) AppleWebKit/537.36 (KHTML, like Gecko) Chrome/151.0.0.0 Safari/537.36
2026-08-25 13:17:56.216 INFO  [http-nio-3001-exec-5] [d3d998385e7e4207a6d06301762eb10e] o.e.springboot.aspect.LogAspect - http_access method=GET path=/api/site/access/public status=200 durationMs=10 ip=127.0.0.1 operation=SiteAccessConfigController.getPublicConfig userAgent=Mozilla/5.0 (Windows NT 10.0; Win64; x64) AppleWebKit/537.36 (KHTML, like Gecko) Chrome/151.0.0.0 Safari/537.36
2026-08-25 13:17:56.943 INFO  [http-nio-3001-exec-8] [083807a71a8b4688a6d2f061dde362fb] o.e.springboot.aspect.LogAspect - http_access method=GET path=/api/carousel/active status=200 durationMs=19 ip=127.0.0.1 operation=CarouselController.getActiveCarousels userAgent=Mozilla/5.0 (Windows NT 10.0; Win64; x64) AppleWebKit/537.36 (KHTML, like Gecko) Chrome/151.0.0.0 Safari/537.36
2026-08-25 13:17:56.951 INFO  [http-nio-3001-exec-9] [ac978042176f4b0badfbf727321fdcc5] o.e.springboot.aspect.LogAspect - http_access method=GET path=/api/site/page-content/public/home status=200 durationMs=14 ip=127.0.0.1 operation=PageContentConfigController.getPublicContent userAgent=Mozilla/5.0 (Windows NT 10.0; Win64; x64) AppleWebKit/537.36 (KHTML, like Gecko) Chrome/151.0.0.0 Safari/537.36
2026-08-25 13:17:57.255 INFO  [http-nio-3001-exec-3] [64057f2797fa4d72a504a5a7be9af5a6] o.e.springboot.aspect.LogAspect - http_access method=GET path=/api/site/page-content/public/frontend-header status=200 durationMs=4 ip=127.0.0.1 operation=PageContentConfigController.getPublicContent userAgent=Mozilla/5.0 (Windows NT 10.0; Win64; x64) AppleWebKit/537.36 (KHTML, like Gecko) Chrome/151.0.0.0 Safari/537.36
2026-08-25 13:17:57.271 INFO  [http-nio-3001-exec-10] [3f5d4512d03c409ebc5f48fa3be798bf] o.e.springboot.aspect.LogAspect - http_access method=GET path=/api/tour/more status=200 durationMs=34 ip=127.0.0.1 operation=TourController.getMoreTours userAgent=Mozilla/5.0 (Windows NT 10.0; Win64; x64) AppleWebKit/537.36 (KHTML, like Gecko) Chrome/151.0.0.0 Safari/537.36
2026-08-25 13:17:57.279 INFO  [http-nio-3001-exec-1] [cbe6c84c4f3b4e34883c0ba34f3ce779] o.e.springboot.aspect.LogAspect - http_access method=GET path=/api/tour/featured status=200 durationMs=41 ip=127.0.0.1 operation=TourController.getFeaturedTours userAgent=Mozilla/5.0 (Windows NT 10.0; Win64; x64) AppleWebKit/537.36 (KHTML, like Gecko) Chrome/151.0.0.0 Safari/537.36
2026-08-25 13:17:57.301 INFO  [http-nio-3001-exec-2] [7a715feaaca244f1b7ed995c95c179a0] o.e.springboot.aspect.LogAspect - http_access method=GET path=/api/guide/hot status=200 durationMs=64 ip=127.0.0.1 operation=TravelGuideController.getHotGuides userAgent=Mozilla/5.0 (Windows NT 10.0; Win64; x64) AppleWebKit/537.36 (KHTML, like Gecko) Chrome/151.0.0.0 Safari/537.36
2026-08-25 13:17:57.322 INFO  [http-nio-3001-exec-4] [49ff68068fce4b7c9cfec87a7b364ff1] o.e.springboot.aspect.LogAspect - http_access method=GET path=/api/site/assets/public status=200 durationMs=6 ip=127.0.0.1 operation=SiteAssetConfigController.getPublicConfig userAgent=Mozilla/5.0 (Windows NT 10.0; Win64; x64) AppleWebKit/537.36 (KHTML, like Gecko) Chrome/151.0.0.0 Safari/537.36
2026-08-25 13:17:57.711 INFO  [http-nio-3001-exec-3] [bc277e7840a54683ad9d51e2f4d78cb1] o.e.springboot.aspect.LogAspect - http_access method=GET path=/api/site/footer/public status=200 durationMs=6 ip=127.0.0.1 operation=SiteFooterConfigController.getPublicConfig userAgent=Mozilla/5.0 (Windows NT 10.0; Win64; x64) AppleWebKit/537.36 (KHTML, like Gecko) Chrome/151.0.0.0 Safari/537.36
2026-08-25 13:18:27.903 INFO  [http-nio-3001-exec-3] [3f289e64c7614b0291e0e8d99ff9ec16] o.e.springboot.aspect.LogAspect - http_access method=GET path=/api/tour/featured status=200 durationMs=20 ip=127.0.0.1 operation=TourController.getFeaturedTours userAgent=Mozilla/5.0 (Windows NT 10.0; Microsoft Windows 10.0.22631; zh-CN) PowerShell/7.6.4
2026-08-25 13:18:28.069 INFO  [http-nio-3001-exec-2] [4e956eb02b3a45a6976e7a211983ebbe] o.e.springboot.aspect.LogAspect - http_access method=GET path=/api/tour/more status=200 durationMs=8 ip=127.0.0.1 operation=TourController.getMoreTours userAgent=Mozilla/5.0 (Windows NT 10.0; Microsoft Windows 10.0.22631; zh-CN) PowerShell/7.6.4
2026-08-25 13:20:00.746 INFO  [http-nio-3001-exec-4] [38cdcc0d245e4bd892956c1b7e14b25c] o.e.springboot.aspect.LogAspect - http_access method=GET path=/api/site/tour-source/public status=200 durationMs=7 ip=127.0.0.1 operation=TourProductSourceConfigController.publicConfig userAgent=Mozilla/5.0 (Windows NT 10.0; Microsoft Windows 10.0.22631; zh-CN) PowerShell/7.6.4
2026-08-25 13:20:01.220 INFO  [http-nio-3001-exec-5] [52f2f99acbe34804932223d7faa6ce6f] o.e.springboot.aspect.LogAspect - http_access method=GET path=/api/tour/page status=200 durationMs=302 ip=127.0.0.1 operation=TourController.getToursByPage userAgent=Mozilla/5.0 (Windows NT 10.0; Microsoft Windows 10.0.22631; zh-CN) PowerShell/7.6.4
